id,title,privacy level,asset-url,user_id,created at date,description,full text url,pdf url,page count,Tags,Key Value Pairs
23929952,LDEQ EE Demonstration FINAL w appendices,private,https://api.www.documentcloud.org/files/,104081,2023-08-28 20:46:58.192000+00:00,,https://api.www.documentcloud.org/files/documents/23929952/ldeq-ee-demonstration-final-w-appendices.txt,https://api.www.documentcloud.org/files/documents/23929952/ldeq-ee-demonstration-final-w-appendices.pdf,198,,"{'name': ['LDEQ EE Demonstration FINAL w appendices.pdf'], 'group': ['ee_foia'], 'region': ['6'], 'date_received': ['8/28/2023'], 'type': ['final_demonstration'], 'origin_1': ['Washington'], 'origin_2': ['Oregon'], 'origin_3': ['Montana'], 'origin_4': ['Idaho'], 'origin_5': ['California'], 'aqs_monitor': ['22-005-0004'], 'state': ['louisiana']}"
23929951,LDEQ EE Demonstration FINAL w appendices rev,private,https://api.www.documentcloud.org/files/,104081,2023-08-28 20:46:58.192000+00:00,,https://api.www.documentcloud.org/files/documents/23929951/ldeq-ee-demonstration-final-w-appendices-rev.txt,https://api.www.documentcloud.org/files/documents/23929951/ldeq-ee-demonstration-final-w-appendices-rev.pdf,207,,"{'name': ['LDEQ EE Demonstration FINAL w appendices rev.pdf'], 'group': ['ee_foia'], 'region': ['6'], 'date_received': ['8/28/2023'], 'type': ['final_demonstration'], 'origin_1': ['Washington'], 'origin_2': ['Oregon'], 'origin_3': ['Montana'], 'origin_4': ['Idaho'], 'origin_5': ['California'], 'AQS_monitor': ['22-005-0004'], 'state': ['louisiana']}"
23929839,ED_014139_00000565_Formal_RIF,private,https://api.www.documentcloud.org/files/,104081,2023-08-28 20:45:37.237000+00:00,,https://api.www.documentcloud.org/files/documents/23929839/ed_014139_00000565_formal_rif.txt,https://api.www.documentcloud.org/files/documents/23929839/ed_014139_00000565_formal_rif.pdf,79,,"{'name': ['ED_014139_00000565_Formal_RIF.pdf'], 'group': ['ee_foia'], 'region': ['6'], 'date_received': ['8/28/2023'], 'type': ['final_demonstration'], 'aqs_monitor_1': ['481410038'], 'aqs_monitor_2': ['481410057'], 'origin_1': ['Arizona'], 'origin_2': ['New Mexico'], 'origin_3': ['Mexico'], 'state': ['texas']}"
23929835,ED_014139_00000561_Formal_RIF,private,https://api.www.documentcloud.org/files/,104081,2023-08-28 20:45:37.237000+00:00,,https://api.www.documentcloud.org/files/documents/23929835/ed_014139_00000561_formal_rif.txt,https://api.www.documentcloud.org/files/documents/23929835/ed_014139_00000561_formal_rif.pdf,100,,"{'name': ['ED_014139_00000561_Formal_RIF.pdf'], 'group': ['ee_foia'], 'region': ['6'], 'date_received': ['8/28/2023'], 'type': ['final_demonstration'], 'origin_1': ['California'], 'origin_2': ['Colorado'], 'aqs_monitor': ['484393009'], 'state': ['texas']}"
23929770,Baton_Rouge_Tier12_Smoke_Exceptional_Analyses_2017_09_14,private,https://api.www.documentcloud.org/files/,104081,2023-08-28 20:42:57.887000+00:00,,https://api.www.documentcloud.org/files/documents/23929770/baton_rouge_tier12_smoke_exceptional_analyses_2017_09_14.txt,https://api.www.documentcloud.org/files/documents/23929770/baton_rouge_tier12_smoke_exceptional_analyses_2017_09_14.pdf,126,,"{'name': ['Baton_Rouge_Tier12_Smoke_Exceptional_Analyses_2017_09_14.pdf'], 'group': ['ee_foia'], 'region': ['6'], 'date_received': ['8/28/2023'], 'type': ['final_demonstration'], 'origin_1': ['Washington'], 'origin_2': ['Oregon'], 'origin_3': ['Idaho'], 'origin_4': ['Montana'], 'origin_5': ['California'], 'aqs_monitor': ['22-005-0004'], 'state': ['louisiana']}"
23929768,2020-DFW-EE-Ozone,private,https://api.www.documentcloud.org/files/,104081,2023-08-28 20:42:57.887000+00:00,,https://api.www.documentcloud.org/files/documents/23929768/2020-dfw-ee-ozone.txt,https://api.www.documentcloud.org/files/documents/23929768/2020-dfw-ee-ozone.pdf,99,,"{'name': ['2020-DFW-EE-Ozone.pdf'], 'group': ['ee_foia'], 'region': ['6'], 'date_received': ['8/28/2023'], 'type': ['final_demonstration'], 'origin_1': ['California'], 'origin_2': ['Colorado'], 'aqs_monitor': ['484393009'], 'state': ['texas']}"
23929765,2020-DFW-EE-Ozone-Final,private,https://api.www.documentcloud.org/files/,104081,2023-08-28 20:42:57.887000+00:00,,https://api.www.documentcloud.org/files/documents/23929765/2020-dfw-ee-ozone-final.txt,https://api.www.documentcloud.org/files/documents/23929765/2020-dfw-ee-ozone-final.pdf,99,,"{'name': ['2020-DFW-EE-Ozone-Final.pdf'], 'group': ['ee_foia'], 'region': ['6'], 'date_received': ['8/28/2023'], 'type': ['final_demonstration'], 'origin_1': ['California'], 'origin_2': ['Colorado'], 'aqs_monitor': ['484393009'], 'state': ['texas']}"
23911199,final_ee_for_nj,organization,https://api.www.documentcloud.org/files/,104081,2023-08-16 18:20:43.905000+00:00,,https://api.www.documentcloud.org/files/documents/23911199/final_ee_for_nj.txt,https://api.www.documentcloud.org/files/documents/23911199/final_ee_for_nj.pdf,104,,"{'title': ['final_ee_for_nj'], 'name': ['final_ee_for_nj.pdf'], 'group': ['ee_foia'], 'region': ['2'], 'date_recieved': ['03/31/2023'], 'type': ['final_demonstration'], 'aqs_monitor_3': ['brigantine'], 'aqs_monitor_4': ['camden_spruce_street'], 'aqs_monitor_6': ['clarksboro'], 'aqs_monitor_2': ['bayonne'], 'aqs_monitor_7': ['colliers_mills'], 'aqs_monitor_8': ['columbia_wma'], 'aqs_monitor_1': ['ancora_state_hospital'], 'aqs_monitor_5': ['chester'], 'aqs_monitor_9': ['flemington'], 'aqs_monitor_11': ['millville'], 'aqs_monitor_10': ['leonia'], 'aqs_monitor_13': ['newark_firehouse'], 'aqs_monitor_14': ['ramapo'], 'aqs_monitor_15': ['rider_university'], 'aqs_monitor_12': ['monmouth_university'], 'aqs_monitor_17': ['washington_crossing'], 'aqs_monitor_16': ['rutgers_university'], 'origin_1': ['alberta'], 'state': ['new jersey']}"
23844714,ED_014139_00000407_FORMAL_RIF,private,https://api.www.documentcloud.org/files/,104081,2023-06-13 14:50:56.914000+00:00,,https://api.www.documentcloud.org/files/documents/23844714/ed_014139_00000407_formal_rif.txt,https://api.www.documentcloud.org/files/documents/23844714/ed_014139_00000407_formal_rif.pdf,136,['art'],"{'name': ['ED_014139_00000407_FORMAL_RIF.pdf'], 'group': ['ee_foia'], 'region': ['6'], 'date_recieved': ['6/16/2023'], 'type': ['final_demonstration'], 'aqs_monitor_1': ['35-001-0029'], 'aqs_monitor_2': ['35-001-029-81102-3'], 'origin_1': ['new_mexico'], 'state': ['new mexico']}"
23844711,ED_014139_00000401_FORMAL_RIF,private,https://api.www.documentcloud.org/files/,104081,2023-06-13 14:50:56.914000+00:00,,https://api.www.documentcloud.org/files/documents/23844711/ed_014139_00000401_formal_rif.txt,https://api.www.documentcloud.org/files/documents/23844711/ed_014139_00000401_formal_rif.pdf,148,,"{'name': ['ED_014139_00000401_FORMAL_RIF.pdf'], 'group': ['ee_foia'], 'region': ['6'], 'date_recieved': ['6/16/2023'], 'type': ['final_demonstration'], 'aqs_monitor_1': ['35-001-0029'], 'origin_1': ['new mexico'], 'aqs_monitor_2': ['35-001-029-81102-3'], 'state': ['new mexico']}"
23844709,ED_014139_00000398_FORMAL_RIF,private,https://api.www.documentcloud.org/files/,104081,2023-06-13 14:50:56.914000+00:00,,https://api.www.documentcloud.org/files/documents/23844709/ed_014139_00000398_formal_rif.txt,https://api.www.documentcloud.org/files/documents/23844709/ed_014139_00000398_formal_rif.pdf,124,,"{'name': ['ED_014139_00000398_FORMAL_RIF.pdf'], 'group': ['ee_foia'], 'region': ['6'], 'date_recieved': ['6/16/2023'], 'type': ['final_demonstration'], 'aqs_monitor_1': ['35-001-0029'], 'aqs_monitor_2': ['35-001-0029-81102-3'], 'origin_1': ['new mexico'], 'state': ['new mexico']}"
23844707,ED_014139_00000395_FORMAL_RIF,private,https://api.www.documentcloud.org/files/,104081,2023-06-13 14:50:56.913000+00:00,,https://api.www.documentcloud.org/files/documents/23844707/ed_014139_00000395_formal_rif.txt,https://api.www.documentcloud.org/files/documents/23844707/ed_014139_00000395_formal_rif.pdf,122,['art'],"{'name': ['ED_014139_00000395_FORMAL_RIF.pdf'], 'group': ['ee_foia'], 'region': ['6'], 'date_recieved': ['6/16/2023'], 'type': ['final_demonstration'], 'aqs_monitor_2': ['35-001-0029-81102-3'], 'aqs_monitor_1': ['35-001-0029'], 'origin_1': ['new mexico'], 'state': ['new mexico']}"
23844681,ED_014139_00000340_FORMAL_RIF,private,https://api.www.documentcloud.org/files/,104081,2023-06-13 14:50:45.954000+00:00,,https://api.www.documentcloud.org/files/documents/23844681/ed_014139_00000340_formal_rif.txt,https://api.www.documentcloud.org/files/documents/23844681/ed_014139_00000340_formal_rif.pdf,62,['art'],"{'name': ['ED_014139_00000340_FORMAL_RIF.pdf'], 'group': ['ee_foia'], 'region': ['6'], 'date_recieved': ['6/16/2023'], 'type': ['final_demonstration'], 'origin_1': ['new mexico'], 'aqs_monitor_1': ['35-013-0016'], 'aqs_monitor_2': ['35-013-0020'], 'aqs_monitor_3': ['35-013-0021'], 'aqs_monitor_4': ['35-013-0019'], 'aqs_monitor_5': ['35-013-0024'], 'aqs_monitor_6': ['35-029-0003'], 'state': ['new mexico']}"
23844679,ED_014139_00000338_FORMAL_RIF,private,https://api.www.documentcloud.org/files/,104081,2023-06-13 14:50:45.954000+00:00,,https://api.www.documentcloud.org/files/documents/23844679/ed_014139_00000338_formal_rif.txt,https://api.www.documentcloud.org/files/documents/23844679/ed_014139_00000338_formal_rif.pdf,60,['art'],"{'name': ['ED_014139_00000338_FORMAL_RIF.pdf'], 'group': ['ee_foia'], 'region': ['6'], 'date_recieved': ['6/16/2023'], 'type': ['final_demonstration'], 'aqs_monitor_6': ['35-013-0020-81102-1'], 'aqs_monitor_1': ['35-013-0016'], 'aqs_monitor_3': ['35-013-0019'], 'aqs_monitor_2': ['35-013-0020'], 'aqs_monitor_4': ['35-013-0024'], 'aqs_monitor_5': ['35-029-0003'], 'aqs_monitor_7': ['35-013-0022'], 'aqs_monitor_8': ['35-013-0016-81102-2'], 'aqs_monitor_9': ['35-013-0021-81102-2'], 'aqs_monitor_10': ['35-029-0003-81102-2'], 'aqs_monitor_11': ['35-013-0020-81102-2'], 'aqs_monitor_12': ['35-013-0020-81120-2'], 'origin_1': ['new_mexico'], 'origin_2': ['texas'], 'origin_3': ['mexico'], 'aqs_monitor_13': ['35-013-0019-81102-2'], 'aqs_monitor_14': ['35-013-0024-81102-2'], 'state': ['new mexico']}"
23844625,ED_014139_00000159_FORMAL_RIF,private,https://api.www.documentcloud.org/files/,104081,2023-06-13 14:49:54.829000+00:00,,https://api.www.documentcloud.org/files/documents/23844625/ed_014139_00000159_formal_rif.txt,https://api.www.documentcloud.org/files/documents/23844625/ed_014139_00000159_formal_rif.pdf,122,['art'],"{'name': ['ED_014139_00000159_FORMAL_RIF.pdf'], 'group': ['ee_foia'], 'region': ['6'], 'date_recieved': ['6/16/2023'], 'type': ['final_demonstration'], 'aqs_monitor_1': ['35-001-0029'], 'aqs_monitor_2': ['35-001-0026'], 'origin': ['new mexico'], 'state': ['new mexico']}"
23844624,ED_014139_00000157_FORMAL_RIF,private,https://api.www.documentcloud.org/files/,104081,2023-06-13 14:49:54.829000+00:00,,https://api.www.documentcloud.org/files/documents/23844624/ed_014139_00000157_formal_rif.txt,https://api.www.documentcloud.org/files/documents/23844624/ed_014139_00000157_formal_rif.pdf,117,['art'],"{'name': ['ED_014139_00000157_FORMAL_RIF.pdf'], 'group': ['ee_foia'], 'region': ['6'], 'date_recieved': ['6/16/2023'], 'type': ['final_demonstration'], 'aqs_monitor_1': ['35-001-0029'], 'aqs_monitor_2': ['35-001-0026'], 'origin_1': ['new_mexico'], 'state': ['new mexico']}"
23844623,ED_014139_00000155_FORMAL_RIF,private,https://api.www.documentcloud.org/files/,104081,2023-06-13 14:49:54.829000+00:00,,https://api.www.documentcloud.org/files/documents/23844623/ed_014139_00000155_formal_rif.txt,https://api.www.documentcloud.org/files/documents/23844623/ed_014139_00000155_formal_rif.pdf,109,['art'],"{'name': ['ED_014139_00000155_FORMAL_RIF.pdf'], 'group': ['ee_foia'], 'region': ['6'], 'date_recieved': ['6/16/2023'], 'type': ['final_demonstration'], 'aqs_monitor_1': ['35-001-0029'], 'origin_1': ['new mexico'], 'state': ['new mexico']}"
23844589,ED_014139_00000083_FORMAL_RIF,private,https://api.www.documentcloud.org/files/,104081,2023-06-13 14:49:36.853000+00:00,,https://api.www.documentcloud.org/files/documents/23844589/ed_014139_00000083_formal_rif.txt,https://api.www.documentcloud.org/files/documents/23844589/ed_014139_00000083_formal_rif.pdf,152,['art'],"{'name': ['ED_014139_00000083_FORMAL_RIF.pdf'], 'group': ['ee_foia'], 'region': ['6'], 'date_recieved': ['6/16/2023'], 'type': ['final_demonstration'], 'aqs_monitor_1': ['53-005-0002'], 'origin_1': ['washington'], 'state': ['washington']}"
23844523,R3_MDE_NWCanada_SubmittedDemo_20170526,private,https://api.www.documentcloud.org/files/,104081,2023-06-13 14:35:42.438000+00:00,,https://api.www.documentcloud.org/files/documents/23844523/r3_mde_nwcanada_submitteddemo_20170526.txt,https://api.www.documentcloud.org/files/documents/23844523/r3_mde_nwcanada_submitteddemo_20170526.pdf,96,['art'],"{'name': ['R3_MDE_NWCanada_SubmittedDemo_20170526.pdf'], 'group': ['ee_foia'], 'region': ['3'], 'date_recieved': ['4/19/2023'], 'type': ['final_demonstration'], 'aqs_monitor_1': ['240259001'], 'aqs_monitor_2': ['240339991'], 'aqs_monitor_3': ['240199991'], 'aqs_monitor_4': ['240090011'], 'aqs_monitor_5': ['240251001'], 'aqs_monitor_6': ['240053001'], 'aqs_monitor_7': ['240150003'], 'aqs_monitor_8': ['240210037'], 'aqs_monitor_9': ['245100054'], 'aqs_monitor_10': ['240031003'], 'aqs_monitor_11': ['240430009'], 'aqs_monitor_12': ['240190004'], 'aqs_monitor_13': ['240330030'], 'aqs_monitor_14': ['240290002'], 'aqs_monitor_15': ['240051007'], 'aqs_monitor_16': ['240338003'], 'aqs_monitor_17': ['240230002'], 'aqs_monitor_18': ['240313001'], 'aqs_monitor_19': ['240130001'], 'aqs_monitor_20': ['240170010'], 'aqs_monitor_21': ['245100054'], 'origin_1': ['british_columbia'], 'origin_2': ['alberta'], 'origin_3': ['saskatchewan'], 'state': ['maryland']}"
23844522,R3_MDE_FtMcMurray_SubmittedDemo_20170526,private,https://api.www.documentcloud.org/files/,104081,2023-06-13 14:35:42.438000+00:00,,https://api.www.documentcloud.org/files/documents/23844522/r3_mde_ftmcmurray_submitteddemo_20170526.txt,https://api.www.documentcloud.org/files/documents/23844522/r3_mde_ftmcmurray_submitteddemo_20170526.pdf,108,['art'],"{'name': ['R3_MDE_FtMcMurray_SubmittedDemo_20170526.pdf'], 'group': ['ee_foia'], 'region': ['3'], 'date_recieved': ['4/19/2023'], 'type': ['final_demonstration'], 'aqs_monitor_1': ['240259001'], 'aqs_monitor_3': ['240199991'], 'aqs_monitor_2': ['240339991'], 'aqs_monitor_4': ['240090011'], 'aqs_monitor_5': ['240251001'], 'aqs_monitor_6': ['240053001'], 'aqs_monitor_7': ['240150003'], 'aqs_monitor_8': ['240210037'], 'aqs_monitor_9': ['245100054'], 'aqs_monitor_10': ['240031003'], 'aqs_monitor_11': ['240031003'], 'aqs_monitor_12': ['240430009'], 'aqs_monitor_13': ['240190004'], 'aqs_monitor_14': ['240330030'], 'aqs_monitor_15': ['240290002'], 'aqs_monitor_16': ['240051007'], 'aqs_monitor_17': ['240338003'], 'aqs_monitor_18': ['240230002'], 'aqs_monitor_19': ['240313001'], 'aqs_monitor_20': ['240130001'], 'aqs_monitor_21': ['240170010'], 'aqs_monitor_22': ['240190004'], 'origin_1': ['alberta'], 'state': ['maryland']}"
23844512,Ozone EE Analysis May 24-26-2017_FINAL,private,https://api.www.documentcloud.org/files/,104081,2023-06-13 14:35:42.437000+00:00,,https://api.www.documentcloud.org/files/documents/23844512/ozone-ee-analysis-may-24-26-2017_final.txt,https://api.www.documentcloud.org/files/documents/23844512/ozone-ee-analysis-may-24-26-2017_final.pdf,86,['art'],"{'name': ['Ozone EE Analysis May 24-26-2017_FINAL.pdf'], 'group': ['ee_foia'], 'region': ['3'], 'date_recieved': ['4/19/2023'], 'type': ['final_demonstration'], 'origin_1': ['alberta'], 'aqs_monitor_1': ['420110011'], 'aqs_monitor_2': ['420750100'], 'aqs_monitor_3': ['420910013'], 'aqs_monitor_4': ['420010001'], 'aqs_monitor_5': ['420050001'], 'aqs_monitor_6': ['420070002'], 'aqs_monitor_7': ['420070005'], 'aqs_monitor_8': ['420070014'], 'aqs_monitor_9': ['420110006'], 'aqs_monitor_10': ['420130801'], 'aqs_monitor_11': ['420150011'], 'aqs_monitor_12': ['420170012'], 'aqs_monitor_13': ['420210011'], 'aqs_monitor_14': ['420270100'], 'aqs_monitor_15': ['420290100'], 'aqs_monitor_16': ['420334000'], 'aqs_monitor_17': ['420430401'], 'aqs_monitor_18': ['420431100'], 'aqs_monitor_19': ['420450002'], 'aqs_monitor_20': ['420490003'], 'aqs_monitor_21': ['420550001'], 'aqs_monitor_22': ['420590002'], 'aqs_monitor_23': ['420630004'], 'aqs_monitor_24': ['420690101'], 'aqs_monitor_25': ['420692006'], 'aqs_monitor_26': ['420710007'], 'aqs_monitor_27': ['420710012'], 'aqs_monitor_28': ['420730015'], 'aqs_monitor_29': ['420770004'], 'aqs_monitor_30': ['420791101'], 'aqs_monitor_31': ['420810100'], 'aqs_monitor_32': ['420850100'], 'aqs_monitor_33': ['420890002'], 'aqs_monitor_34': ['420950025'], 'aqs_monitor_35': ['420958000'], 'aqs_monitor_36': ['421010004'], 'aqs_monitor_37': ['421010024'], 'aqs_monitor_38': ['421010048'], 'aqs_monitor_39': ['421174000'], 'aqs_monitor_40': ['421250200'], 'aqs_monitor_41': ['421255001'], 'aqs_monitor_42': ['421330008'], 'aqs_monitor_43': ['21330011'], 'state': ['pennsylvania']}"
23844507,MDE_MAY_25_26_2016_EE_demo,private,https://api.www.documentcloud.org/files/,104081,2023-06-13 14:35:25.622000+00:00,,https://api.www.documentcloud.org/files/documents/23844507/mde_may_25_26_2016_ee_demo.txt,https://api.www.documentcloud.org/files/documents/23844507/mde_may_25_26_2016_ee_demo.pdf,108,['art'],"{'name': ['MDE_MAY_25_26_2016_EE_demo.pdf'], 'group': ['ee_foia'], 'region': ['3'], 'date_recieved': ['4/19/2023'], 'type': ['final_demonstration'], 'origin_1': ['alberta'], 'aqs_monitor_1': ['240259001'], 'aqs_monitor_2': ['240339991'], 'aqs_monitor_3': ['240199991'], 'aqs_monitor_4': ['240090011'], 'aqs_monitor_5': ['240251001'], 'aqs_monitor_6': ['240053001'], 'aqs_monitor_7': ['240150003'], 'aqs_monitor_8': ['240210037'], 'aqs_monitor_9': ['245100054'], 'aqs_monitor_10': ['240031003'], 'aqs_monitor_11': ['240430009'], 'aqs_monitor_12': ['240190004'], 'aqs_monitor_13': ['240330030'], 'aqs_monitor_14': ['240290002'], 'aqs_monitor_15': ['240051007'], 'aqs_monitor_16': ['240338003'], 'aqs_monitor_17': ['240230002'], 'aqs_monitor_18': ['240313001'], 'aqs_monitor_19': ['240170010'], 'state': ['maryland']}"
23844479,May_2016_exceptional_event_final,private,https://api.www.documentcloud.org/files/,104081,2023-06-13 14:30:40.906000+00:00,,https://api.www.documentcloud.org/files/documents/23844479/may_2016_exceptional_event_final.txt,https://api.www.documentcloud.org/files/documents/23844479/may_2016_exceptional_event_final.pdf,102,['art'],"{'name': ['May_2016_exceptional_event_final.pdf'], 'group': ['ee_foia'], 'region': ['5'], 'date_recieved': ['5/30/2023'], 'type': ['final_demonstration'], 'aqs_monitor_1': ['39‐035‐0034'], 'aqs_monitor_2': ['39‐035‐5002'], 'aqs_monitor_3': ['39‐055-0004'], 'aqs_monitor_4': ['39‐085-0003'], 'aqs_monitor_5': ['39‐093‐0018'], 'aqs_monitor_6': ['39‐017‐0018'], 'aqs_monitor_7': ['39‐017‐9991'], 'aqs_monitor_8': ['39‐035‐0065'], 'origin_1': ['alberta'], 'state': ['ohio']}"
23843946,Oakridge PM10 Demo Aug 2021,private,https://api.www.documentcloud.org/files/,104081,2023-06-12 20:51:02.952000+00:00,,https://api.www.documentcloud.org/files/documents/23843946/oakridge-pm10-demo-aug-2021.txt,https://api.www.documentcloud.org/files/documents/23843946/oakridge-pm10-demo-aug-2021.pdf,47,['art'],"{'name': ['Oakridge PM10 Demo Aug 2021.pdf'], 'group': ['ee_foia'], 'region': ['10'], 'date_recieved': ['5/5/2023'], 'type': ['final_demonstration'], 'aqs_monitor': ['410392013'], 'origin_1': ['oregon'], 'state': ['oregon']}"
23843944,Oakridge 2020 PM2-5 Demo July 2021,private,https://api.www.documentcloud.org/files/,104081,2023-06-12 20:51:02.952000+00:00,,https://api.www.documentcloud.org/files/documents/23843944/oakridge-2020-pm2-5-demo-july-2021.txt,https://api.www.documentcloud.org/files/documents/23843944/oakridge-2020-pm2-5-demo-july-2021.pdf,58,['art'],"{'name': ['Oakridge 2020 PM2-5 Demo July 2021.pdf'], 'group': ['ee_foia'], 'region': ['10'], 'date_recieved': ['5/5/2023'], 'type': ['final_demonstration'], 'aqs_monitor_1': ['410392013'], 'origin_1': ['oregon'], 'state': ['oregon']}"
23843938,Klamath Falls 2020 PM25 Demo Sept 2021,private,https://api.www.documentcloud.org/files/,104081,2023-06-12 20:51:02.952000+00:00,,https://api.www.documentcloud.org/files/documents/23843938/klamath-falls-2020-pm25-demo-sept-2021.txt,https://api.www.documentcloud.org/files/documents/23843938/klamath-falls-2020-pm25-demo-sept-2021.pdf,39,,"{'name': ['Klamath Falls 2020 PM25 Demo Sept 2021.pdf'], 'group': ['ee_foia'], 'region': ['10'], 'date_recieved': ['5/5/2023'], 'type': ['final_demonstration'], 'origin_1': ['california'], 'origin_2': ['oregon'], 'aqs_monitor': ['klamath_falls_peterson_school'], 'state': ['oregon']}"
23843928,Idaho 2013 Wildfire Exceptional Events small,private,https://api.www.documentcloud.org/files/,104081,2023-06-12 20:48:01.949000+00:00,,https://api.www.documentcloud.org/files/documents/23843928/idaho-2013-wildfire-exceptional-events-small.txt,https://api.www.documentcloud.org/files/documents/23843928/idaho-2013-wildfire-exceptional-events-small.pdf,151,,"{'name': ['Idaho 2013 Wildfire Exceptional Events small.pdf'], 'group': ['ee_foia'], 'region': ['10'], 'date_recieved': ['3/22/2023'], 'type': ['final_demonstration'], 'aqs_monitor_1': ['16-079-0017'], 'origin_1': ['california'], 'origin_2': ['washington'], 'origin_3': ['oregon'], 'origin_4': ['idaho'], 'state': ['idaho']}"
23843895,2017 Wildfire EE Demo - Kennewick_Yakima,private,https://api.www.documentcloud.org/files/,104081,2023-06-12 20:47:31.097000+00:00,,https://api.www.documentcloud.org/files/documents/23843895/2017-wildfire-ee-demo-kennewick_yakima.txt,https://api.www.documentcloud.org/files/documents/23843895/2017-wildfire-ee-demo-kennewick_yakima.pdf,120,,"{'name': ['2017 Wildfire EE Demo - Kennewick_Yakima.pdf'], 'group': ['ee_foia'], 'region': ['10'], 'date_recieved': ['3/22/2023'], 'type': ['final_demonstration'], 'origin_1': ['california'], 'origin_2': ['oregon'], 'origin_3': ['idaho'], 'origin_4': ['montana'], 'origin_5': ['washington'], 'aqs_monitor': ['53-005-0002'], 'state': ['washington']}"
23843894,2017 KF and OAK EE - SUBMITTED,private,https://api.www.documentcloud.org/files/,104081,2023-06-12 20:47:31.097000+00:00,,https://api.www.documentcloud.org/files/documents/23843894/2017-kf-and-oak-ee-submitted.txt,https://api.www.documentcloud.org/files/documents/23843894/2017-kf-and-oak-ee-submitted.pdf,76,,"{'name': ['2017 KF and OAK EE - SUBMITTED.pdf'], 'group': ['ee_foia'], 'region': ['10'], 'date_recieved': ['3/22/2023'], 'type': ['final_demonstration'], 'aqs_monitor_1': ['41-035-0004'], 'aqs_monitor_2': ['41-039-2013'], 'origin_1': ['oregon'], 'origin_2': ['California'], 'state': ['oregon']}"
23843891,1RR_KF_EE_request_2014_2015_final_Redacted_b6,private,https://api.www.documentcloud.org/files/,104081,2023-06-12 20:47:31.096000+00:00,,https://api.www.documentcloud.org/files/documents/23843891/1rr_kf_ee_request_2014_2015_final_redacted_b6.txt,https://api.www.documentcloud.org/files/documents/23843891/1rr_kf_ee_request_2014_2015_final_redacted_b6.pdf,60,,"{'name': ['1RR_KF_EE_request_2014_2015_final_Redacted_b6.pdf'], 'group': ['ee_foia'], 'region': ['10'], 'date_recieved': ['3/22/2023'], 'type': ['final_demonstration'], 'origin_1': ['oregon'], 'aqs_monitor_1': ['41-035-0004'], 'origin_2': ['california'], 'state': ['oregon']}"
23843881,1RR_2017 Wildfire EE Concurrence Request Letter and Demonstration IDEQ_Redacted_b6,private,https://api.www.documentcloud.org/files/,104081,2023-06-12 20:47:31.096000+00:00,,https://api.www.documentcloud.org/files/documents/23843881/1rr_2017-wildfire-ee-concurrence-request-letter-and-demonstration-ideq_redacted_b6.txt,https://api.www.documentcloud.org/files/documents/23843881/1rr_2017-wildfire-ee-concurrence-request-letter-and-demonstration-ideq_redacted_b6.pdf,67,['art'],"{'name': ['1RR_2017 Wildfire EE Concurrence Request Letter and Demonstration IDEQ_Redacted_b6.pdf'], 'group': ['ee_foia'], 'region': ['10'], 'date_recieved': ['3/22/2023'], 'type': ['final_demonstration'], 'aqs_monitor_1': ['16-079-0017'], 'origin_1': ['idaho'], 'origin_2': ['oregon'], 'origin_3': ['montana'], 'origin_4': ['washington'], 'origin_5': ['alberta'], 'state': ['idaho'], 'origin_6': ['british_columbia']}"
23843873,Washoe_Trailhead 2016 WildfireO3_Demo,private,https://api.www.documentcloud.org/files/,104081,2023-06-12 20:39:19.949000+00:00,,https://api.www.documentcloud.org/files/documents/23843873/washoe_trailhead-2016-wildfireo3_demo.txt,https://api.www.documentcloud.org/files/documents/23843873/washoe_trailhead-2016-wildfireo3_demo.pdf,259,,"{'name': ['Washoe_Trailhead 2016 WildfireO3_Demo.pdf'], 'group': ['ee_foia'], 'region': ['9'], 'date_recieved': ['4/25/2023'], 'type': ['final_demonstration'], 'aqs_monitor': ['32-031-0016'], 'origin_1': ['california'], 'state': ['nevada']}"
23843864,Washoe_2015_WildfireO3_Demo1,private,https://api.www.documentcloud.org/files/,104081,2023-06-12 20:39:19.949000+00:00,,https://api.www.documentcloud.org/files/documents/23843864/washoe_2015_wildfireo3_demo1.txt,https://api.www.documentcloud.org/files/documents/23843864/washoe_2015_wildfireo3_demo1.pdf,157,['art'],"{'name': ['Washoe_2015_WildfireO3_Demo1.pdf'], 'group': ['ee_foia'], 'region': ['9'], 'date_recieved': ['4/25/2023'], 'type': ['final_demonstration'], 'aqs_monitor': ['32-031-0016'], 'origin_1': ['california'], 'state': ['nevada']}"
23843863,Washoe_2015_WildfireO3_Demo,private,https://api.www.documentcloud.org/files/,104081,2023-06-12 20:39:19.949000+00:00,,https://api.www.documentcloud.org/files/documents/23843863/washoe_2015_wildfireo3_demo.txt,https://api.www.documentcloud.org/files/documents/23843863/washoe_2015_wildfireo3_demo.pdf,157,['DUPLICATE'],"{'name': ['Washoe_2015_WildfireO3_Demo.pdf'], 'group': ['ee_foia'], 'region': ['9'], 'date_recieved': ['4/25/2023'], 'type': ['final_demonstration'], 'state': ['nevada']}"
23843855,Washoe_2014_WildfirePM_Demo,private,https://api.www.documentcloud.org/files/,104081,2023-06-12 20:39:02.788000+00:00,,https://api.www.documentcloud.org/files/documents/23843855/washoe_2014_wildfirepm_demo.txt,https://api.www.documentcloud.org/files/documents/23843855/washoe_2014_wildfirepm_demo.pdf,116,,"{'name': ['Washoe_2014_WildfirePM_Demo.pdf'], 'group': ['ee_foia'], 'region': ['9'], 'date_recieved': ['4/25/2023'], 'type': ['final_demonstration'], 'aqs_monitor_1': ['32-031-0022'], 'aqs_monitor_2': ['32-031-1005'], 'aqs_monitor_3': ['32-031-0016'], 'origin_1': ['california'], 'state': ['nevada']}"
23843845,SMAQMD_2018_WildfirePM10_Demo,private,https://api.www.documentcloud.org/files/,104081,2023-06-12 20:39:02.788000+00:00,,https://api.www.documentcloud.org/files/documents/23843845/smaqmd_2018_wildfirepm10_demo.txt,https://api.www.documentcloud.org/files/documents/23843845/smaqmd_2018_wildfirepm10_demo.pdf,91,['art'],"{'name': ['SMAQMD_2018_WildfirePM10_Demo.pdf'], 'group': ['ee_foia'], 'region': ['9'], 'date_recieved': ['4/25/2023'], 'type': ['final_demonstration'], 'aqs_monitor_1': ['06-067-0002-2'], 'aqs_monitor_2': ['06-067-0006-1'], 'aqs_monitor_3': ['06-067-0006-2'], 'aqs_monitor_4': ['06-067-0010-4'], 'aqs_monitor_5': ['06-067-0284-1'], 'origin_1': ['california'], 'state': ['california']}"
23843837,SJV_2020_WildfirePM25_Demo,private,https://api.www.documentcloud.org/files/,104081,2023-06-12 20:38:15.180000+00:00,,https://api.www.documentcloud.org/files/documents/23843837/sjv_2020_wildfirepm25_demo.txt,https://api.www.documentcloud.org/files/documents/23843837/sjv_2020_wildfirepm25_demo.pdf,263,,"{'name': ['SJV_2020_WildfirePM25_Demo.pdf'], 'group': ['ee_foia'], 'region': ['9'], 'date_recieved': ['4/25/2023'], 'type': ['final_demonstration'], 'aqs_monitor_1': ['06-077-1002'], 'aqs_monitor_2': ['06-077-2010'], 'aqs_monitor_3': ['06-099-0005'], 'aqs_monitor_4': ['06-019-2016'], 'aqs_monitor_5': ['06-031-1004'], 'aqs_monitor_6': ['06-031-0004'], 'aqs_monitor_7': ['06-029-0016'], 'aqs_monitor_8': ['06-099-0006'], 'origin_1': ['california'], 'state': ['california']}"
23843833,NDEP_2016_WildfireO3_Demo,private,https://api.www.documentcloud.org/files/,104081,2023-06-12 20:38:15.179000+00:00,,https://api.www.documentcloud.org/files/documents/23843833/ndep_2016_wildfireo3_demo.txt,https://api.www.documentcloud.org/files/documents/23843833/ndep_2016_wildfireo3_demo.pdf,134,,"{'name': ['ndep_2016_wildfireO3_demo.pdf'], 'group': ['ee_foia'], 'region': ['9'], 'date_recieved': ['4/25/2023'], 'type': ['final_demonstration'], 'aqs_monitor': ['32-001- 0002'], 'origin_1': ['california'], 'state': ['nevada']}"
23843831,NDEP_2016_Trailhead_WildfireO3_Demo,private,https://api.www.documentcloud.org/files/,104081,2023-06-12 20:38:15.179000+00:00,,https://api.www.documentcloud.org/files/documents/23843831/ndep_2016_trailhead_wildfireo3_demo.txt,https://api.www.documentcloud.org/files/documents/23843831/ndep_2016_trailhead_wildfireo3_demo.pdf,77,,"{'name': ['NDEP_2016_Trailhead_WildfireO3_Demo.pdf'], 'group': ['ee_foia'], 'region': ['9'], 'date_recieved': ['4/25/2023'], 'type': ['final_demonstration'], 'aqs_monitor': ['32-019-0006)'], 'origin_1': ['california'], 'state': ['nevada']}"
23843827,NDEP_2015_WildfireO3_Demo,private,https://api.www.documentcloud.org/files/,104081,2023-06-12 20:38:15.179000+00:00,,https://api.www.documentcloud.org/files/documents/23843827/ndep_2015_wildfireo3_demo.txt,https://api.www.documentcloud.org/files/documents/23843827/ndep_2015_wildfireo3_demo.pdf,109,,"{'name': ['NDEP_2015_WildfireO3_Demo.pdf'], 'group': ['ee_foia'], 'region': ['9'], 'date_recieved': ['4/25/2023'], 'type': ['final_demonstration'], 'aqs_monitor': ['32-001-0002'], 'origin_1': ['oregon'], 'origin_2': ['colorado'], 'origin_3': ['california'], 'state': ['nevada']}"
23843821,NDEP_2015_Great Basin_Strat IntrusionO3_Demo,private,https://api.www.documentcloud.org/files/,104081,2023-06-12 20:38:15.179000+00:00,,https://api.www.documentcloud.org/files/documents/23843821/ndep_2015_great-basin_strat-intrusiono3_demo.txt,https://api.www.documentcloud.org/files/documents/23843821/ndep_2015_great-basin_strat-intrusiono3_demo.pdf,83,,"{'name': ['NDEP_2015_Great Basin_Strat IntrusionO3_Demo.pdf'], 'group': ['ee_foia'], 'region': ['9'], 'date_recieved': ['4/25/2023'], 'type': ['final_demonstration'], 'aqs_monitor': ['32-033-0101'], 'origin_1': ['nevada'], 'origin_2': ['utah'], 'origin_3': ['colorado'], 'state': ['nevada']}"
23843795,GBUAPCD_2020_WildfirePM10_Demo,private,https://api.www.documentcloud.org/files/,104081,2023-06-12 20:36:49.840000+00:00,,https://api.www.documentcloud.org/files/documents/23843795/gbuapcd_2020_wildfirepm10_demo.txt,https://api.www.documentcloud.org/files/documents/23843795/gbuapcd_2020_wildfirepm10_demo.pdf,101,['art'],"{'name': ['GBUAPCD_2020_WildfirePM10_Demo.pdf'], 'group': ['ee_foia'], 'region': ['9'], 'date_recieved': ['4/25/2023'], 'type': ['final_demonstration'], 'aqs_monitor': ['06-027-1001-4'], 'origin_1': ['california'], 'state': ['california']}"
23843786,CARB_2020_SoCal_WildfireO3_Demo,private,https://api.www.documentcloud.org/files/,104081,2023-06-12 20:35:44.046000+00:00,,https://api.www.documentcloud.org/files/documents/23843786/carb_2020_socal_wildfireo3_demo.txt,https://api.www.documentcloud.org/files/documents/23843786/carb_2020_socal_wildfireo3_demo.pdf,307,,"{'name': ['CARB_2020_SoCal_WildfireO3_Demo.pdf'], 'group': ['ee_foia'], 'region': ['9'], 'date_recieved': ['4/25/2023'], 'type': ['final_demonstration'], 'aqs_monitor_1': ['06-079-8005'], 'aqs_monitor_2': ['06-111-2002'], 'origin_1': ['california'], 'state': ['california']}"
23843783,CARB_2020_NorCal_WildfireO3_EE_Demo,private,https://api.www.documentcloud.org/files/,104081,2023-06-12 20:35:44.046000+00:00,,https://api.www.documentcloud.org/files/documents/23843783/carb_2020_norcal_wildfireo3_ee_demo.txt,https://api.www.documentcloud.org/files/documents/23843783/carb_2020_norcal_wildfireo3_ee_demo.pdf,242,,"{'name': ['CARB_2020_NorCal_WildfireO3_EE_Demo.pdf'], 'group': ['ee_foia'], 'region': ['9'], 'date_recieved': ['4/25/2023'], 'type': ['final_demonstration'], 'aqs_monitor_1': ['06-101-0004'], 'aqs_monitor_2': ['06-109-0005'], 'aqs_monitor_3': ['06-057-0005'], 'origin_1': ['california'], 'state': ['california']}"
23843780,CARB_2018_SoCal_WildfireO3_Demo,private,https://api.www.documentcloud.org/files/,104081,2023-06-12 20:35:44.046000+00:00,,https://api.www.documentcloud.org/files/documents/23843780/carb_2018_socal_wildfireo3_demo.txt,https://api.www.documentcloud.org/files/documents/23843780/carb_2018_socal_wildfireo3_demo.pdf,195,,"{'name': ['CARB_2018_SoCal_WildfireO3_Demo.pdf'], 'group': ['ee_foia'], 'region': ['9'], 'date_recieved': ['4/25/2023'], 'type': ['final_demonstration'], 'aqs_monitor': ['06-079-8005'], 'origin_1': ['california'], 'state': ['california']}"
23843775,CARB_2018_NorCal_WildfireO3_Demo,private,https://api.www.documentcloud.org/files/,104081,2023-06-12 20:35:44.046000+00:00,,https://api.www.documentcloud.org/files/documents/23843775/carb_2018_norcal_wildfireo3_demo.txt,https://api.www.documentcloud.org/files/documents/23843775/carb_2018_norcal_wildfireo3_demo.pdf,383,,"{'name': ['CARB_2018_NorCal_WildfireO3_Demo.pdf'], 'group': ['ee_foia'], 'region': ['9'], 'date_recieved': ['4/25/2023'], 'type': ['final_demonstration'], 'aqs_monitor_1': ['06-009-0001'], 'aqs_monitor_2': ['06-007-0007'], 'aqs_monitor_3': ['06-101-0004'], 'aqs_monitor_4': ['06-109-0005'], 'aqs_monitor_5': ['06-103-0004'], 'aqs_monitor_6': ['06-057-0005'], 'origin_1': ['california'], 'state': ['california']}"
23843743,ADEQ_2017_WildfireO3_Demo,private,https://api.www.documentcloud.org/files/,104081,2023-06-12 20:35:26.025000+00:00,,https://api.www.documentcloud.org/files/documents/23843743/adeq_2017_wildfireo3_demo.txt,https://api.www.documentcloud.org/files/documents/23843743/adeq_2017_wildfireo3_demo.pdf,194,['art'],"{'name': ['ADEQ_2017_WildfireO3_Demo.pdf'], 'group': ['ee_foia'], 'region': ['9'], 'date_recieved': ['4/25/2023'], 'type': ['final_demonstration'], 'aqs_monitor_1': ['04-013-3002'], 'aqs_monitor_2': ['04-013-4010'], 'aqs_monitor_3': ['04-013-2001'], 'aqs_monitor_4': ['04-013-1003'], 'aqs_monitor_5': ['04-013-1004'], 'aqs_monitor_6': ['04-013-9997'], 'aqs_monitor_7': ['04-013-2005'], 'aqs_monitor_8': ['04-013-4003'], 'aqs_monitor_9': ['04-013-0019'], 'origin_1': ['arizona'], 'state': ['arizona']}"
23843736,ADEQ_2016_HighWindPM10_Demo_20160729,private,https://api.www.documentcloud.org/files/,104081,2023-06-12 20:34:27.467000+00:00,,https://api.www.documentcloud.org/files/documents/23843736/adeq_2016_highwindpm10_demo_20160729.txt,https://api.www.documentcloud.org/files/documents/23843736/adeq_2016_highwindpm10_demo_20160729.pdf,111,['art'],"{'name': ['ADEQ_2016_HighWindPM10_Demo_20160729.pdf'], 'group': ['ee_foia'], 'region': ['9'], 'date_recieved': ['4/25/2023'], 'type': ['final_demonstration'], 'aqs_monitor': ['04-013-4016'], 'origin_1': ['arizona'], 'state': ['arizona']}"
23843735,ADEQ_2016_HighWindPM10_Demo_20160517,private,https://api.www.documentcloud.org/files/,104081,2023-06-12 20:34:27.467000+00:00,,https://api.www.documentcloud.org/files/documents/23843735/adeq_2016_highwindpm10_demo_20160517.txt,https://api.www.documentcloud.org/files/documents/23843735/adeq_2016_highwindpm10_demo_20160517.pdf,100,['art'],"{'name': ['ADEQ_2016_HighWindPM10_Demo_20160517.pdf'], 'group': ['ee_foia'], 'region': ['9'], 'date_recieved': ['4/25/2023'], 'type': ['final_demonstration'], 'aqs_monitor': ['04-013-4010'], 'origin_1': ['arizona'], 'state': ['arizona']}"
23843733,ADEQ_2016_HighWindPM10_Demo_20160425,private,https://api.www.documentcloud.org/files/,104081,2023-06-12 20:34:27.467000+00:00,,https://api.www.documentcloud.org/files/documents/23843733/adeq_2016_highwindpm10_demo_20160425.txt,https://api.www.documentcloud.org/files/documents/23843733/adeq_2016_highwindpm10_demo_20160425.pdf,109,['art'],"{'name': ['ADEQ_2016_HighWindPM10_Demo_20160425.pdf'], 'group': ['ee_foia'], 'region': ['9'], 'date_recieved': ['4/25/2023'], 'type': ['final_demonstration'], 'aqs_monitor': ['04-013-4009'], 'origin_1': ['california'], 'origin_2': ['arizona'], 'state': ['arizona']}"
23843732,ADEQ_2016_HighWindPM10_Demo_160927-28,private,https://api.www.documentcloud.org/files/,104081,2023-06-12 20:34:27.467000+00:00,,https://api.www.documentcloud.org/files/documents/23843732/adeq_2016_highwindpm10_demo_160927-28.txt,https://api.www.documentcloud.org/files/documents/23843732/adeq_2016_highwindpm10_demo_160927-28.pdf,131,['art'],"{'name': ['ADEQ_2016_HighWindPM10_Demo_160927-28.pdf'], 'group': ['ee_foia'], 'region': ['9'], 'date_recieved': ['4/25/2023'], 'type': ['final_demonstration'], 'aqs_monitor_1': ['04-013-2001'], 'aqs_monitor_2': ['04-013-9997'], 'origin_1': ['arizona'], 'state': ['arizona']}"
23843726,ADEQ_2015_WildfireO3_Demo,private,https://api.www.documentcloud.org/files/,104081,2023-06-12 20:34:27.466000+00:00,,https://api.www.documentcloud.org/files/documents/23843726/adeq_2015_wildfireo3_demo.txt,https://api.www.documentcloud.org/files/documents/23843726/adeq_2015_wildfireo3_demo.pdf,77,,"{'name': ['ADEQ_2015_WildfireO3_Demo.pdf'], 'group': ['ee_foia'], 'region': ['9'], 'date_recieved': ['4/25/2023'], 'type': ['final_demonstration'], 'aqs_monitor_1': ['04-021-3001'], 'aqs_monitor_2': ['04-013-9702'], 'aqs_monitor_3': ['04-013-1010'], 'aqs_monitor_4': ['04-013-1003'], 'aqs_monitor_5': ['04-013-2005'], 'aqs_monitor_6': ['04-007-0010'], 'origin_1': ['california'], 'state': ['arizona']}"
23843717,20200926_ClarkCounty_Wildfire_EE,private,https://api.www.documentcloud.org/files/,104081,2023-06-12 20:34:27.466000+00:00,,https://api.www.documentcloud.org/files/documents/23843717/20200926_clarkcounty_wildfire_ee.txt,https://api.www.documentcloud.org/files/documents/23843717/20200926_clarkcounty_wildfire_ee.pdf,135,,"{'name': ['20200926_ClarkCounty_Wildfire_EE.pdf'], 'group': ['ee_foia'], 'region': ['9'], 'date_recieved': ['4/25/2023'], 'type': ['final_demonstration'], 'aqs_monitor_1': ['320030075'], 'aqs_monitor_2': ['320030071'], 'origin_1': ['california'], 'state': ['nevada']}"
23843713,20200902_ClarkCounty_Wildfire_EE,private,https://api.www.documentcloud.org/files/,104081,2023-06-12 20:34:27.466000+00:00,,https://api.www.documentcloud.org/files/documents/23843713/20200902_clarkcounty_wildfire_ee.txt,https://api.www.documentcloud.org/files/documents/23843713/20200902_clarkcounty_wildfire_ee.pdf,144,,"{'name': ['20200902_ClarkCounty_Wildfire_EE.pdf'], 'group': ['ee_foia'], 'region': ['9'], 'date_recieved': ['4/25/2023'], 'type': ['final_demonstration'], 'origin_1': ['california'], 'origin_2': ['oregon'], 'aqs_monitor_1': ['320030043'], 'aqs_monitor_2': ['320030071'], 'state': ['nevada']}"
23843706,20200807_ClarkCounty_Wildfire_EE,private,https://api.www.documentcloud.org/files/,104081,2023-06-12 20:32:42.318000+00:00,,https://api.www.documentcloud.org/files/documents/23843706/20200807_clarkcounty_wildfire_ee.txt,https://api.www.documentcloud.org/files/documents/23843706/20200807_clarkcounty_wildfire_ee.pdf,126,,"{'name': ['20200807_ClarkCounty_Wildfire_EE.pdf'], 'group': ['ee_foia'], 'region': ['9'], 'date_recieved': ['4/25/2023'], 'type': ['final_demonstration'], 'aqs_monitor_1': ['320030071'], 'aqs_monitor_2': ['320030075'], 'aqs_monitor_3': ['320037772'], 'origin_1': ['california'], 'state': ['nevada']}"
23843703,20200803_ClarkCounty_Wildfire_EE,private,https://api.www.documentcloud.org/files/,104081,2023-06-12 20:32:42.318000+00:00,,https://api.www.documentcloud.org/files/documents/23843703/20200803_clarkcounty_wildfire_ee.txt,https://api.www.documentcloud.org/files/documents/23843703/20200803_clarkcounty_wildfire_ee.pdf,152,,"{'name': ['20200803_ClarkCounty_Wildfire_EE.pdf'], 'group': ['ee_foia'], 'region': ['9'], 'date_recieved': ['4/25/2023'], 'type': ['final_demonstration'], 'aqs_monitor_1': ['320030043'], 'aqs_monitor_2': ['320030071'], 'aqs_monitor_3': ['320030075'], 'aqs_monitor_4': ['320030298'], 'aqs_monitor_5': ['320030601'], 'aqs_monitor_6': ['320031019'], 'aqs_monitor_7': ['320037772'], 'origin_1': ['california'], 'state': ['nevada']}"
23843699,20200626_ClarkCounty_Wildfire_EE,private,https://api.www.documentcloud.org/files/,104081,2023-06-12 20:32:42.318000+00:00,,https://api.www.documentcloud.org/files/documents/23843699/20200626_clarkcounty_wildfire_ee.txt,https://api.www.documentcloud.org/files/documents/23843699/20200626_clarkcounty_wildfire_ee.pdf,114,,"{'name': ['20200626_ClarkCounty_Wildfire_EE.pdf'], 'group': ['ee_foia'], 'region': ['9'], 'date_recieved': ['4/25/2023'], 'type': ['final_demonstration'], 'origin_1': ['utah'], 'origin_2': ['nevada'], 'aqs_monitor': ['320030043'], 'state': ['nevada']}"
23843695,20200622_ClarkCounty_Wildfire_EE,private,https://api.www.documentcloud.org/files/,104081,2023-06-12 20:32:42.318000+00:00,,https://api.www.documentcloud.org/files/documents/23843695/20200622_clarkcounty_wildfire_ee.txt,https://api.www.documentcloud.org/files/documents/23843695/20200622_clarkcounty_wildfire_ee.pdf,134,,"{'name': ['20200622_ClarkCounty_Wildfire_EE.pdf'], 'group': ['ee_foia'], 'region': ['9'], 'date_recieved': ['4/25/2023'], 'type': ['final_demonstration'], 'origin_1': ['arizona'], 'origin_2': ['california'], 'aqs_monitor_1': ['320030075'], 'aqs_monitor_2': ['320030043'], 'aqs_monitor_3': ['320030071'], 'state': ['nevada']}"
23843691,20200528_ClarkCounty_SOI_EE,private,https://api.www.documentcloud.org/files/,104081,2023-06-12 20:32:42.317000+00:00,,https://api.www.documentcloud.org/files/documents/23843691/20200528_clarkcounty_soi_ee.txt,https://api.www.documentcloud.org/files/documents/23843691/20200528_clarkcounty_soi_ee.pdf,157,,"{'name': ['20200528_ClarkCounty_SOI_EE.pdf'], 'group': ['ee_foia'], 'region': ['9'], 'date_recieved': ['4/25/2023'], 'type': ['final_demonstration'], 'origin_1': ['idaho'], 'origin_2': ['utah'], 'aqs_monitor_1': ['320030043'], 'aqs_monitor_2': ['320030071'], 'state': ['nevada']}"
23843687,20200509_ClarkCounty_SOI_EE,private,https://api.www.documentcloud.org/files/,104081,2023-06-12 20:32:42.317000+00:00,,https://api.www.documentcloud.org/files/documents/23843687/20200509_clarkcounty_soi_ee.txt,https://api.www.documentcloud.org/files/documents/23843687/20200509_clarkcounty_soi_ee.pdf,154,,"{'name': ['20200509_ClarkCounty_SOI_EE.pdf'], 'group': ['ee_foia'], 'region': ['9'], 'date_recieved': ['4/25/2023'], 'type': ['final_demonstration'], 'aqs_monitor_1': ['320030043'], 'aqs_monitor_2': ['320030071'], 'origin_1': ['pacific_ocean'], 'origin_2': ['california'], 'state': ['nevada']}"
23843683,20200506_ClarkCounty_SOI_EE,private,https://api.www.documentcloud.org/files/,104081,2023-06-12 20:31:48.495000+00:00,,https://api.www.documentcloud.org/files/documents/23843683/20200506_clarkcounty_soi_ee.txt,https://api.www.documentcloud.org/files/documents/23843683/20200506_clarkcounty_soi_ee.pdf,179,,"{'name': ['20200506_ClarkCounty_SOI_EE.pdf'], 'group': ['ee_foia'], 'region': ['9'], 'date_recieved': ['4/25/2023'], 'type': ['final_demonstration'], 'aqs_monitor_1': ['320030071'], 'aqs_monitor_2': ['320030043'], 'aqs_monitor_3': ['320030075'], 'aqs_monitor_4': ['320030540'], 'aqs_monitor_5': ['320030298'], 'aqs_monitor_6': ['320031019'], 'aqs_monitor_7': ['320030022'], 'origin_1': ['pacific_ocean'], 'origin_2': ['california'], 'origin_3': ['oregon'], 'state': ['nevada']}"
23843674,20180806-07_ClarkCounty_Wildfire_EE,private,https://api.www.documentcloud.org/files/,104081,2023-06-12 20:31:48.494000+00:00,,https://api.www.documentcloud.org/files/documents/23843674/20180806-07_clarkcounty_wildfire_ee.txt,https://api.www.documentcloud.org/files/documents/23843674/20180806-07_clarkcounty_wildfire_ee.pdf,57,,"{'name': ['20180806-07_ClarkCounty_Wildfire_EE.pdf'], 'group': ['ee_foia'], 'region': ['9'], 'date_recieved': ['4/25/2023'], 'type': ['final_demonstration'], 'aqs_monitor_1': ['320030043'], 'aqs_monitor_2': ['320030071'], 'aqs_monitor_3': ['320030073'], 'aqs_monitor_4': ['320030075'], 'aqs_monitor_5': ['320030298'], 'aqs_monitor_6': ['320030540'], 'origin': ['california'], 'state': ['nevada']}"
23843671,20180730-31_ClarkCounty_Wildfire_EE,private,https://api.www.documentcloud.org/files/,104081,2023-06-12 20:31:48.494000+00:00,,https://api.www.documentcloud.org/files/documents/23843671/20180730-31_clarkcounty_wildfire_ee.txt,https://api.www.documentcloud.org/files/documents/23843671/20180730-31_clarkcounty_wildfire_ee.pdf,49,,"{'name': ['20180730-31_ClarkCounty_Wildfire_EE.pdf'], 'group': ['ee_foia'], 'region': ['9'], 'date_recieved': ['4/25/2023'], 'type': ['final_demonstration'], 'origin': ['california'], 'aqs_monitor_1': ['320030043'], 'aqs_monitor_2': ['320030071'], 'aqs_monitor_3': ['320030073'], 'aqs_monitor_4': ['320030075'], 'aqs_monitor_5': ['320030298'], 'aqs_monitor_6': ['320030540'], 'state': ['nevada']}"
23843668,20180725-27_ClarkCounty_Wildfire_EE,private,https://api.www.documentcloud.org/files/,104081,2023-06-12 20:31:48.494000+00:00,,https://api.www.documentcloud.org/files/documents/23843668/20180725-27_clarkcounty_wildfire_ee.txt,https://api.www.documentcloud.org/files/documents/23843668/20180725-27_clarkcounty_wildfire_ee.pdf,51,,"{'name': ['20180725-27_ClarkCounty_Wildfire_EE.pdf'], 'group': ['ee_foia'], 'region': ['9'], 'date_recieved': ['4/25/2023'], 'type': ['final_demonstration'], 'origin_1': ['california'], 'origin_2': ['mexico'], 'aqs_monitor_1': ['320030043'], 'aqs_monitor_2': ['320030071'], 'aqs_monitor_3': ['320030073'], 'aqs_monitor_4': ['320030075'], 'aqs_monitor_5': ['320030298'], 'aqs_monitor_6': ['320030540'], 'state': ['nevada']}"
23843665,20180714-17_ClarkCounty_Wildfire_EE,private,https://api.www.documentcloud.org/files/,104081,2023-06-12 20:31:48.494000+00:00,,https://api.www.documentcloud.org/files/documents/23843665/20180714-17_clarkcounty_wildfire_ee.txt,https://api.www.documentcloud.org/files/documents/23843665/20180714-17_clarkcounty_wildfire_ee.pdf,55,,"{'name': ['20180714-17_ClarkCounty_Wildfire_EE.pdf'], 'group': ['ee_foia'], 'region': ['9'], 'date_recieved': ['4/25/2023'], 'type': ['final_demonstration'], 'origin_1': ['california'], 'origin_2': ['mexico'], 'aqs_monitor_1': ['320030043'], 'aqs_monitor_2': ['320030071'], 'aqs_monitor_3': ['320030073'], 'aqs_monitor_4': ['320030075'], 'aqs_monitor_5': ['320030298'], 'aqs_monitor_6': ['320030540'], 'state': ['nevada']}"
23843662,20180627_ClarkCounty_Wildfire_EE,private,https://api.www.documentcloud.org/files/,104081,2023-06-12 20:31:48.494000+00:00,,https://api.www.documentcloud.org/files/documents/23843662/20180627_clarkcounty_wildfire_ee.txt,https://api.www.documentcloud.org/files/documents/23843662/20180627_clarkcounty_wildfire_ee.pdf,51,,"{'name': ['20180627_ClarkCounty_Wildfire_EE.pdf'], 'group': ['ee_foia'], 'region': ['9'], 'date_recieved': ['4/25/2023'], 'type': ['final_demonstration'], 'aqs_monitor_1': ['320030043'], 'aqs_monitor_2': ['320030071'], 'aqs_monitor_3': ['320030073'], 'aqs_monitor_4': ['320030075'], 'aqs_monitor_5': ['320030298'], 'aqs_monitor_6': ['320030540'], 'origin_2': ['mexico'], 'origin_1': ['california'], 'state': ['california']}"
23843656,20180623_ClarkCounty_Wildfire_EE,private,https://api.www.documentcloud.org/files/,104081,2023-06-12 20:30:45.447000+00:00,,https://api.www.documentcloud.org/files/documents/23843656/20180623_clarkcounty_wildfire_ee.txt,https://api.www.documentcloud.org/files/documents/23843656/20180623_clarkcounty_wildfire_ee.pdf,49,,"{'name': ['20180623_ClarkCounty_Wildfire_EE.pdf'], 'group': ['ee_foia'], 'region': ['9'], 'date_recieved': ['4/25/2023'], 'type': ['final_demonstration'], 'origin': ['california'], 'aqs_monitor_1': ['320030043'], 'aqs_monitor_2': ['320030071'], 'aqs_monitor_3': ['320030073'], 'aqs_monitor_4': ['320030075'], 'aqs_monitor_5': ['320030298'], 'aqs_monitor_6': ['320030540'], 'state': ['nevada']}"
23843653,20180619-20_ClarkCounty_Wildfire_EE,private,https://api.www.documentcloud.org/files/,104081,2023-06-12 20:30:45.447000+00:00,,https://api.www.documentcloud.org/files/documents/23843653/20180619-20_clarkcounty_wildfire_ee.txt,https://api.www.documentcloud.org/files/documents/23843653/20180619-20_clarkcounty_wildfire_ee.pdf,56,,"{'name': ['20180619-20_ClarkCounty_Wildfire_EE.pdf'], 'group': ['ee_foia'], 'region': ['9'], 'date_recieved': ['4/25/2023'], 'type': ['final_demonstration'], 'origin_1': ['california'], 'aqs_monitor_1': ['320030043'], 'aqs_monitor_2': ['320030071'], 'aqs_monitor_3': ['320030073'], 'aqs_monitor_4': ['320030075'], 'aqs_monitor_5': ['320030298'], 'aqs_monitor_6': ['320030540'], 'state': ['nevada']}"
23843480,01 EE Demo Sep 27 2014 Final,private,https://api.www.documentcloud.org/files/,104081,2023-06-12 20:28:05.725000+00:00,,https://api.www.documentcloud.org/files/documents/23843480/01-ee-demo-sep-27-2014-final.txt,https://api.www.documentcloud.org/files/documents/23843480/01-ee-demo-sep-27-2014-final.pdf,78,,"{'name': ['01 EE Demo Sep 27 2014 Final.pdf'], 'group': ['ee_foia'], 'region': ['9'], 'date_recieved': ['4/25/2023'], 'type': ['final_demonstration'], 'aqs_monitor_1': ['06-025-0007'], 'aqs_monitor_2': ['06-025-4004'], 'origin_1': ['california'], 'state': ['california']}"
23843416,01 EE Demo Apr 12 13 2014 Final,private,https://api.www.documentcloud.org/files/,104081,2023-06-12 20:26:13.476000+00:00,,https://api.www.documentcloud.org/files/documents/23843416/01-ee-demo-apr-12-13-2014-final.txt,https://api.www.documentcloud.org/files/documents/23843416/01-ee-demo-apr-12-13-2014-final.pdf,56,['art'],"{'name': ['01 EE Demo Apr 12 13 2014 Final.pdf'], 'group': ['ee_foia'], 'region': ['9'], 'date_recieved': ['4/25/2023'], 'type': ['final_demonstration'], 'aqs_monitor_1': ['06-025-4004'], 'aqs_monitor_2': ['06-025-0007'], 'origin_1': ['california'], 'state': ['california']}"
23843414,00 Final EE Demo Jan 31 2014,private,https://api.www.documentcloud.org/files/,104081,2023-06-12 20:26:13.476000+00:00,,https://api.www.documentcloud.org/files/documents/23843414/00-final-ee-demo-jan-31-2014.txt,https://api.www.documentcloud.org/files/documents/23843414/00-final-ee-demo-jan-31-2014.pdf,49,['art'],"{'name': ['00 Final EE Demo Jan 31 2014.pdf'], 'group': ['ee_foia'], 'region': ['9'], 'date_recieved': ['4/25/2023'], 'type': ['final_demonstration'], 'aqs_monitor': ['06-025-0007'], 'origin_1': ['california'], 'state': ['california']}"
23843413,00 EE Demo Sep 3 2016 Final,private,https://api.www.documentcloud.org/files/,104081,2023-06-12 20:26:13.476000+00:00,,https://api.www.documentcloud.org/files/documents/23843413/00-ee-demo-sep-3-2016-final.txt,https://api.www.documentcloud.org/files/documents/23843413/00-ee-demo-sep-3-2016-final.pdf,78,,"{'name': ['00 EE Demo Sep 3 2016 Final.pdf'], 'group': ['ee_foia'], 'region': ['9'], 'date_recieved': ['4/25/2023'], 'type': ['final_demonstration'], 'aqs_monitor_1': ['06-025-0007'], 'aqs_monitor_2': ['06-025-1003'], 'aqs_monitor_3': ['06-025-4003'], 'aqs_monitor_4': ['06-025-4004'], 'origin_1': ['california'], 'state': ['california']}"
23843412,00 EE Demo Sep 19 2016 Final,private,https://api.www.documentcloud.org/files/,104081,2023-06-12 20:26:13.476000+00:00,,https://api.www.documentcloud.org/files/documents/23843412/00-ee-demo-sep-19-2016-final.txt,https://api.www.documentcloud.org/files/documents/23843412/00-ee-demo-sep-19-2016-final.pdf,80,,"{'name': ['00 EE Demo Sep 19 2016 Final.pdf'], 'group': ['ee_foia'], 'region': ['9'], 'date_recieved': ['4/25/2023'], 'type': ['final_demonstration'], 'aqs_monitor_1': ['06-025-4003'], 'aqs_monitor_2': ['06-025-0007'], 'aqs_monitor_3': ['06-025-0005'], 'aqs_monitor_4': ['06-025-1003'], 'aqs_monitor_5': ['06-025-4004'], 'origin_1': ['california'], 'state': ['california']}"
23843411,00 EE Demo Sep 14 2015 Final,private,https://api.www.documentcloud.org/files/,104081,2023-06-12 20:26:13.476000+00:00,,https://api.www.documentcloud.org/files/documents/23843411/00-ee-demo-sep-14-2015-final.txt,https://api.www.documentcloud.org/files/documents/23843411/00-ee-demo-sep-14-2015-final.pdf,69,['art'],"{'name': ['00 EE Demo Sep 14 2015 Final.pdf'], 'group': ['ee_foia'], 'region': ['9'], 'date_recieved': ['4/25/2023'], 'type': ['final_demonstration'], 'origin_1': ['california'], 'aqs_monitor_1': ['06-025-0007'], 'aqs_monitor_2': ['06-025-4004'], 'aqs_monitor_3': ['06-025-4003'], 'aqs_monitor_4': ['06-025-1003'], 'state': ['california']}"
23843410,00 EE Demo Sep 12 13 2016 Final,private,https://api.www.documentcloud.org/files/,104081,2023-06-12 20:26:13.476000+00:00,,https://api.www.documentcloud.org/files/documents/23843410/00-ee-demo-sep-12-13-2016-final.txt,https://api.www.documentcloud.org/files/documents/23843410/00-ee-demo-sep-12-13-2016-final.pdf,87,,"{'name': ['00 EE Demo Sep 12 13 2016 Final.pdf'], 'group': ['ee_foia'], 'region': ['9'], 'date_recieved': ['4/25/2023'], 'type': ['final_demonstration'], 'aqs_monitor_1': ['06-025-0007'], 'aqs_monitor_2': ['06-025-4003'], 'aqs_monitor_3': ['06-025-0007'], 'aqs_monitor_4': ['06-025-0005'], 'aqs_monitor_5': ['06-025-1003'], 'aqs_monitor_6': ['06-025-4004'], 'origin_1': ['california'], 'state': ['california']}"
23843409,00 EE Demo Oct31Nov1 2014 Final,private,https://api.www.documentcloud.org/files/,104081,2023-06-12 20:26:13.476000+00:00,,https://api.www.documentcloud.org/files/documents/23843409/00-ee-demo-oct31nov1-2014-final.txt,https://api.www.documentcloud.org/files/documents/23843409/00-ee-demo-oct31nov1-2014-final.pdf,81,['art'],"{'name': ['00 EE Demo Oct31Nov1 2014 Final.pdf'], 'group': ['ee_foia'], 'region': ['9'], 'date_recieved': ['4/25/2023'], 'type': ['final_demonstration'], 'aqs_monitor_1': ['06-025-4004'], 'aqs_monitor_2': ['06-025-0007'], 'aqs_monitor_3': ['06-025-4004'], 'aqs_monitor_4': ['06-025-4004'], 'aqs_monitor_5': ['06-025-4003'], 'aqs_monitor_6': ['06-025-0005'], 'aqs_monitor_7': ['06-025-1003'], 'origin_1': ['california'], 'state': ['california']}"
23843408,00 EE Demo Oct 4 2015 Final,private,https://api.www.documentcloud.org/files/,104081,2023-06-12 20:26:13.476000+00:00,,https://api.www.documentcloud.org/files/documents/23843408/00-ee-demo-oct-4-2015-final.txt,https://api.www.documentcloud.org/files/documents/23843408/00-ee-demo-oct-4-2015-final.pdf,77,['art'],"{'name': ['00 EE Demo Oct 4 2015 Final.pdf'], 'group': ['ee_foia'], 'region': ['9'], 'date_recieved': ['4/25/2023'], 'type': ['final_demonstration'], 'aqs_monitor_1': ['06-025-0007'], 'aqs_monitor_2': ['06-025-4003'], 'aqs_monitor_3': ['06-025-4004'], 'aqs_monitor_4': ['06-025-1003'], 'origin_1': ['california'], 'state': ['california']}"
23843407,00 EE Demo Oct 30 2016 Final,private,https://api.www.documentcloud.org/files/,104081,2023-06-12 20:26:13.476000+00:00,,https://api.www.documentcloud.org/files/documents/23843407/00-ee-demo-oct-30-2016-final.txt,https://api.www.documentcloud.org/files/documents/23843407/00-ee-demo-oct-30-2016-final.pdf,64,,"{'name': ['00 EE Demo Oct 30 2016 Final.pdf'], 'group': ['ee_foia'], 'region': ['9'], 'date_recieved': ['4/25/2023'], 'type': ['final_demonstration'], 'aqs_monitor_1': ['06-025-0007'], 'origin_1': ['california'], 'state': ['california']}"
23843405,00 EE Demo Oct 1 2015 Final,private,https://api.www.documentcloud.org/files/,104081,2023-06-12 20:25:11.278000+00:00,,https://api.www.documentcloud.org/files/documents/23843405/00-ee-demo-oct-1-2015-final.txt,https://api.www.documentcloud.org/files/documents/23843405/00-ee-demo-oct-1-2015-final.pdf,66,,"{'name': ['00 EE Demo Oct 1 2015 Final.pdf'], 'group': ['ee_foia'], 'region': ['9'], 'date_recieved': ['4/25/2023'], 'type': ['final_demonstration'], 'aqs_monitor': ['06-025-4004'], 'origin_1': ['california'], 'state': ['california']}"
23843404,00 EE Demo Oct 06 2018 FinalwImage Rvsd,private,https://api.www.documentcloud.org/files/,104081,2023-06-12 20:25:11.278000+00:00,,https://api.www.documentcloud.org/files/documents/23843404/00-ee-demo-oct-06-2018-finalwimage-rvsd.txt,https://api.www.documentcloud.org/files/documents/23843404/00-ee-demo-oct-06-2018-finalwimage-rvsd.pdf,43,,"{'name': ['00 EE Demo Oct 06 2018 FinalwImage Rvsd.pdf'], 'group': ['ee_foia'], 'region': ['9'], 'date_recieved': ['4/25/2023'], 'type': ['final_demonstration'], 'origin_1': ['california'], 'origin_2': ['arizona'], 'aqs_monitor_1': ['06-025-0007'], 'origin_3': ['nevada'], 'state': ['california']}"
23843403,00 EE Demo Oct 03 2018 PR FinalwImage,private,https://api.www.documentcloud.org/files/,104081,2023-06-12 20:25:11.278000+00:00,,https://api.www.documentcloud.org/files/documents/23843403/00-ee-demo-oct-03-2018-pr-finalwimage.txt,https://api.www.documentcloud.org/files/documents/23843403/00-ee-demo-oct-03-2018-pr-finalwimage.pdf,46,,"{'name': ['00 EE Demo Oct 03 2018 PR FinalwImage.pdf'], 'group': ['ee_foia'], 'region': ['9'], 'date_recieved': ['4/25/2023'], 'type': ['final_demonstration'], 'origin_1': ['california'], 'origin_2': ['arizona'], 'aqs_monitor_1': ['06-025-4003'], 'state': ['california']}"
23843402,00 EE Demo Nov 29 2018 FinalwImage,private,https://api.www.documentcloud.org/files/,104081,2023-06-12 20:25:11.278000+00:00,,https://api.www.documentcloud.org/files/documents/23843402/00-ee-demo-nov-29-2018-finalwimage.txt,https://api.www.documentcloud.org/files/documents/23843402/00-ee-demo-nov-29-2018-finalwimage.pdf,50,['art'],"{'name': ['00 EE Demo Nov 29 2018 FinalwImage.pdf'], 'group': ['ee_foia'], 'region': ['9'], 'date_recieved': ['4/25/2023'], 'type': ['final_demonstration'], 'aqs_monitor_2': ['06-025-4004'], 'aqs_monitor_1': ['06-025-4003'], 'origin_1': ['arizona'], 'origin_2': ['california'], 'state': ['california']}"
23843401,00 EE Demo Nov 25 2015 Final,private,https://api.www.documentcloud.org/files/,104081,2023-06-12 20:25:11.278000+00:00,,https://api.www.documentcloud.org/files/documents/23843401/00-ee-demo-nov-25-2015-final.txt,https://api.www.documentcloud.org/files/documents/23843401/00-ee-demo-nov-25-2015-final.pdf,80,,"{'name': ['00 EE Demo Nov 25 2015 Final.pdf'], 'group': ['ee_foia'], 'region': ['9'], 'date_recieved': ['4/25/2023'], 'type': ['final_demonstration'], 'aqs_monitor_1': ['06-025-4004'], 'aqs_monitor_2': ['06-025-0007'], 'origin_1': ['california'], 'state': ['california']}"
23843400,00 EE Demo Nov 2 2015 Final,private,https://api.www.documentcloud.org/files/,104081,2023-06-12 20:25:11.278000+00:00,,https://api.www.documentcloud.org/files/documents/23843400/00-ee-demo-nov-2-2015-final.txt,https://api.www.documentcloud.org/files/documents/23843400/00-ee-demo-nov-2-2015-final.pdf,73,,"{'name': ['00 EE Demo Nov 2 2015 Final.pdf'], 'group': ['ee_foia'], 'region': ['9'], 'date_recieved': ['4/25/2023'], 'type': ['final_demonstration'], 'aqs_monitor': ['06-025-4003'], 'origin_1': ['california'], 'state': ['california']}"
23843399,00 EE Demo Nov 16 2014 Final,private,https://api.www.documentcloud.org/files/,104081,2023-06-12 20:25:11.277000+00:00,,https://api.www.documentcloud.org/files/documents/23843399/00-ee-demo-nov-16-2014-final.txt,https://api.www.documentcloud.org/files/documents/23843399/00-ee-demo-nov-16-2014-final.pdf,81,,"{'name': ['00 EE Demo Nov 16 2014 Final.pdf'], 'group': ['ee_foia'], 'region': ['9'], 'date_recieved': ['4/25/2023'], 'type': ['final_demonstration'], 'aqs_monitor_1': ['06-025-0007'], 'aqs_monitor_2': ['06-025-4004'], 'origin_1': ['california'], 'state': ['california']}"
23843398,00 EE Demo May 5 6 2014 Final,private,https://api.www.documentcloud.org/files/,104081,2023-06-12 20:25:11.277000+00:00,,https://api.www.documentcloud.org/files/documents/23843398/00-ee-demo-may-5-6-2014-final.txt,https://api.www.documentcloud.org/files/documents/23843398/00-ee-demo-may-5-6-2014-final.pdf,76,['art'],"{'name': ['00 EE Demo May 5 6 2014 Final.pdf'], 'group': ['ee_foia'], 'region': ['9'], 'date_recieved': ['4/25/2023'], 'type': ['final_demonstration'], 'aqs_monitor_1': ['06-025-0007'], 'aqs_monitor_2': ['06-025-4003'], 'origin_1': ['california'], 'origin_2': ['washington'], 'state': ['california']}"
23843397,00 EE Demo May 5 2016 Final,private,https://api.www.documentcloud.org/files/,104081,2023-06-12 20:25:11.277000+00:00,,https://api.www.documentcloud.org/files/documents/23843397/00-ee-demo-may-5-2016-final.txt,https://api.www.documentcloud.org/files/documents/23843397/00-ee-demo-may-5-2016-final.pdf,75,,"{'name': ['00 EE Demo May 5 2016 Final.pdf'], 'group': ['ee_foia'], 'region': ['9'], 'date_recieved': ['4/25/2023'], 'type': ['final_demonstration'], 'aqs_monitor_1': ['06-025-0007'], 'aqs_monitor_2': ['06-025-4004'], 'aqs_monitor_3': ['06-025-4003'], 'origin_1': ['california'], 'state': ['california']}"
23843396,00 EE Demo May 25 2018 Final,private,https://api.www.documentcloud.org/files/,104081,2023-06-12 20:25:11.277000+00:00,,https://api.www.documentcloud.org/files/documents/23843396/00-ee-demo-may-25-2018-final.txt,https://api.www.documentcloud.org/files/documents/23843396/00-ee-demo-may-25-2018-final.pdf,47,,"{'name': ['00 EE Demo May 25 2018 Final.pdf'], 'group': ['ee_foia'], 'region': ['9'], 'date_recieved': ['4/25/2023'], 'type': ['final_demonstration'], 'aqs_monitor_1': ['06- 025-0007'], 'aqs_monitor_2': ['06-025-0005'], 'origin_1': ['california'], 'state': ['california']}"
23843395,00 EE Demo May 25 2016 Final,private,https://api.www.documentcloud.org/files/,104081,2023-06-12 20:25:11.277000+00:00,,https://api.www.documentcloud.org/files/documents/23843395/00-ee-demo-may-25-2016-final.txt,https://api.www.documentcloud.org/files/documents/23843395/00-ee-demo-may-25-2016-final.pdf,67,,"{'name': ['00 EE Demo May 25 2016 Final.pdf'], 'group': ['ee_foia'], 'region': ['9'], 'date_recieved': ['4/25/2023'], 'type': ['final_demonstration'], 'aqs_monitor_1': ['06-025-0007'], 'origin_1': ['california'], 'state': ['california']}"
23843394,00 EE Demo May 20 21 2016 Final,private,https://api.www.documentcloud.org/files/,104081,2023-06-12 20:25:11.277000+00:00,,https://api.www.documentcloud.org/files/documents/23843394/00-ee-demo-may-20-21-2016-final.txt,https://api.www.documentcloud.org/files/documents/23843394/00-ee-demo-may-20-21-2016-final.pdf,103,,"{'name': ['00 EE Demo May 20 21 2016 Final.pdf'], 'group': ['ee_foia'], 'region': ['9'], 'date_recieved': ['4/25/2023'], 'type': ['final_demonstration'], 'aqs_monitor_1': ['06-025-0007'], 'aqs_monitor_2': ['06-025-0005'], 'aqs_monitor_3': ['06-025-4004'], 'aqs_monitor_4': ['06-025-4003'], 'aqs_monitor_5': ['06-025-1003'], 'origin_1': ['california'], 'state': ['california']}"
23843393,00 EE Demo May 20 2014 Final,private,https://api.www.documentcloud.org/files/,104081,2023-06-12 20:25:11.277000+00:00,,https://api.www.documentcloud.org/files/documents/23843393/00-ee-demo-may-20-2014-final.txt,https://api.www.documentcloud.org/files/documents/23843393/00-ee-demo-may-20-2014-final.pdf,66,,"{'name': ['00 EE Demo May 20 2014 Final.pdf'], 'group': ['ee_foia'], 'region': ['9'], 'date_recieved': ['4/25/2023'], 'type': ['final_demonstration'], 'aqs_monitor': ['06-025-0007'], 'origin_1': ['california'], 'state': ['california']}"
23843392,00 EE Demo May 15 2016 Final,private,https://api.www.documentcloud.org/files/,104081,2023-06-12 20:25:11.277000+00:00,,https://api.www.documentcloud.org/files/documents/23843392/00-ee-demo-may-15-2016-final.txt,https://api.www.documentcloud.org/files/documents/23843392/00-ee-demo-may-15-2016-final.pdf,68,,"{'name': ['00 EE Demo May 15 2016 Final.pdf'], 'group': ['ee_foia'], 'region': ['9'], 'date_recieved': ['4/25/2023'], 'type': ['final_demonstration'], 'aqs_monitor': ['06-025-4004'], 'origin_1': ['california'], 'state': ['california']}"
23843391,00 EE Demo May 11 2018 Final Rvsd,private,https://api.www.documentcloud.org/files/,104081,2023-06-12 20:25:11.277000+00:00,,https://api.www.documentcloud.org/files/documents/23843391/00-ee-demo-may-11-2018-final-rvsd.txt,https://api.www.documentcloud.org/files/documents/23843391/00-ee-demo-may-11-2018-final-rvsd.pdf,54,,"{'name': ['00 EE Demo May 11 2018 Final Rvsd.pdf'], 'group': ['ee_foia'], 'region': ['9'], 'date_recieved': ['4/25/2023'], 'type': ['final_demonstration'], 'aqs_monitor_1': ['06- 025-0007'], 'aqs_monitor_2': ['06-025-1003'], 'aqs_monitor_3': ['06-025-4004'], 'aqs_monitor_4': ['06-025- 4003'], 'origin_1': ['california'], 'origin_2': ['arizona'], 'state': ['california']}"
23843390,00 EE Demo May 11 2014 Final,private,https://api.www.documentcloud.org/files/,104081,2023-06-12 20:25:11.277000+00:00,,https://api.www.documentcloud.org/files/documents/23843390/00-ee-demo-may-11-2014-final.txt,https://api.www.documentcloud.org/files/documents/23843390/00-ee-demo-may-11-2014-final.pdf,62,,"{'name': ['00 EE Demo May 11 2014 Final.pdf'], 'group': ['ee_foia'], 'region': ['9'], 'date_recieved': ['4/25/2023'], 'type': ['final_demonstration'], 'origin_1': ['california'], 'origin_2': ['nevada'], 'aqs_monitor_1': ['06-025-4004'], 'state': ['california']}"
23843389,00 EE Demo Mar 6 2016 Final,private,https://api.www.documentcloud.org/files/,104081,2023-06-12 20:25:11.277000+00:00,,https://api.www.documentcloud.org/files/documents/23843389/00-ee-demo-mar-6-2016-final.txt,https://api.www.documentcloud.org/files/documents/23843389/00-ee-demo-mar-6-2016-final.pdf,69,,"{'name': ['00 EE Demo Mar 6 2016 Final.pdf'], 'group': ['ee_foia'], 'region': ['9'], 'date_recieved': ['4/25/2023'], 'type': ['final_demonstration'], 'aqs_monitor_1': ['06-025-0007'], 'aqs_monitor_2': ['06-025-4003'], 'origin_1': ['california'], 'state': ['california']}"
23843388,00 EE Demo Mar 28 2016 Final,private,https://api.www.documentcloud.org/files/,104081,2023-06-12 20:25:11.277000+00:00,,https://api.www.documentcloud.org/files/documents/23843388/00-ee-demo-mar-28-2016-final.txt,https://api.www.documentcloud.org/files/documents/23843388/00-ee-demo-mar-28-2016-final.pdf,80,,"{'name': ['00 EE Demo Mar 28 2016 Final.pdf'], 'group': ['ee_foia'], 'region': ['9'], 'date_recieved': ['4/25/2023'], 'type': ['final_demonstration'], 'aqs_monitor_1': ['06-025-0007'], 'aqs_monitor_2': ['06-025-1003'], 'aqs_monitor_3': ['06-025-4004'], 'aqs_monitor_4': ['06-025-4003'], 'origin_1': ['california'], 'state': ['california']}"
23843387,00 EE Demo Mar 11 2016 Final,private,https://api.www.documentcloud.org/files/,104081,2023-06-12 20:25:11.277000+00:00,,https://api.www.documentcloud.org/files/documents/23843387/00-ee-demo-mar-11-2016-final.txt,https://api.www.documentcloud.org/files/documents/23843387/00-ee-demo-mar-11-2016-final.pdf,68,,"{'name': ['00 EE Demo Mar 11 2016 Final.pdf'], 'group': ['ee_foia'], 'region': ['9'], 'date_recieved': ['4/25/2023'], 'type': ['final_demonstration'], 'aqs_monitor_1': ['06-025-0007'], 'aqs_monitor_2': ['06-025-4003'], 'origin_1': ['california'], 'state': ['california']}"
23843386,00 EE Demo Jun 30 2015 Final,private,https://api.www.documentcloud.org/files/,104081,2023-06-12 20:25:11.277000+00:00,,https://api.www.documentcloud.org/files/documents/23843386/00-ee-demo-jun-30-2015-final.txt,https://api.www.documentcloud.org/files/documents/23843386/00-ee-demo-jun-30-2015-final.pdf,76,,"{'name': ['00 EE Demo Jun 30 2015 Final.pdf'], 'group': ['ee_foia'], 'region': ['9'], 'date_recieved': ['4/25/2023'], 'type': ['final_demonstration'], 'origin_1': ['california'], 'origin_2': ['mexico'], 'origin_3': ['arizona'], 'aqs_monitor_1': ['06-025-4004'], 'state': ['california']}"
23843385,00 EE Demo Jun 28 2018 FinalwImage,private,https://api.www.documentcloud.org/files/,104081,2023-06-12 20:25:11.277000+00:00,,https://api.www.documentcloud.org/files/documents/23843385/00-ee-demo-jun-28-2018-finalwimage.txt,https://api.www.documentcloud.org/files/documents/23843385/00-ee-demo-jun-28-2018-finalwimage.pdf,43,,"{'name': ['00 EE Demo Jun 28 2018 FinalwImage.pdf'], 'group': ['ee_foia'], 'region': ['9'], 'date_recieved': ['4/25/2023'], 'type': ['final_demonstration'], 'aqs_monitor_1': ['06-025- 4004'], 'origin_1': ['california'], 'state': ['california']}"
23843384,00 EE Demo Jun 26 2014 Final,private,https://api.www.documentcloud.org/files/,104081,2023-06-12 20:25:11.277000+00:00,,https://api.www.documentcloud.org/files/documents/23843384/00-ee-demo-jun-26-2014-final.txt,https://api.www.documentcloud.org/files/documents/23843384/00-ee-demo-jun-26-2014-final.pdf,65,,"{'name': ['00 EE Demo Jun 26 2014 Final.pdf'], 'group': ['ee_foia'], 'region': ['9'], 'date_recieved': ['4/25/2023'], 'type': ['final_demonstration'], 'aqs_monitor_1': ['06-025-0007'], 'origin_1': ['california'], 'state': ['california']}"
23843383,00 EE Demo Jun 23 2018 FinalwImage,private,https://api.www.documentcloud.org/files/,104081,2023-06-12 20:25:11.277000+00:00,,https://api.www.documentcloud.org/files/documents/23843383/00-ee-demo-jun-23-2018-finalwimage.txt,https://api.www.documentcloud.org/files/documents/23843383/00-ee-demo-jun-23-2018-finalwimage.pdf,44,,"{'name': ['00 EE Demo Jun 23 2018 FinalwImage.pdf'], 'group': ['ee_foia'], 'region': ['9'], 'date_recieved': ['4/25/2023'], 'type': ['final_demonstration'], 'aqs_monitor_1': ['06-025- 4004'], 'origin_1': ['california'], 'origin_2': ['mexico'], 'origin_3': ['arizona'], 'state': ['california']}"
23843382,00 EE Demo Jun 17 2018 PR Final Rvsd,private,https://api.www.documentcloud.org/files/,104081,2023-06-12 20:25:11.276000+00:00,,https://api.www.documentcloud.org/files/documents/23843382/00-ee-demo-jun-17-2018-pr-final-rvsd.txt,https://api.www.documentcloud.org/files/documents/23843382/00-ee-demo-jun-17-2018-pr-final-rvsd.pdf,44,,"{'name': ['00 EE Demo Jun 17 2018 PR Final Rvsd.pdf'], 'group': ['ee_foia'], 'region': ['9'], 'date_recieved': ['4/25/2023'], 'type': ['final_demonstration'], 'origin_1': ['california'], 'aqs_monitor_1': ['06- 025-0007'], 'state': ['california']}"
23843381,00 EE Demo Jul 9 2018 FinalwImageRvsd,private,https://api.www.documentcloud.org/files/,104081,2023-06-12 20:25:11.276000+00:00,,https://api.www.documentcloud.org/files/documents/23843381/00-ee-demo-jul-9-2018-finalwimagervsd.txt,https://api.www.documentcloud.org/files/documents/23843381/00-ee-demo-jul-9-2018-finalwimagervsd.pdf,57,['art'],"{'name': ['00 EE Demo Jul 9 2018 FinalwImageRvsd.pdf'], 'group': ['ee_foia'], 'region': ['9'], 'date_recieved': ['4/25/2023'], 'type': ['final_demonstration'], 'aqs_monitor_1': ['06- 025-0007'], 'aqs_monitor_2': ['06-025-0005'], 'aqs_monitor_3': ['06-025-1003'], 'aqs_monitor_4': ['06-025-4004'], 'aqs_monitor_5': ['06-025-4003'], 'origin_1': ['california'], 'origin_2': ['arizona'], 'state': ['california']}"
23843380,00 EE Demo Jul 8 2015 Final,private,https://api.www.documentcloud.org/files/,104081,2023-06-12 20:24:06.663000+00:00,,https://api.www.documentcloud.org/files/documents/23843380/00-ee-demo-jul-8-2015-final.txt,https://api.www.documentcloud.org/files/documents/23843380/00-ee-demo-jul-8-2015-final.pdf,72,,"{'name': ['00 EE Demo Jul 8 2015 Final.pdf'], 'group': ['ee_foia'], 'region': ['9'], 'date_recieved': ['4/25/2023'], 'type': ['final_demonstration'], 'aqs_monitor_1': ['06-025-4004'], 'origin_1': ['california'], 'state': ['california']}"
23843379,00 EE Demo Jul 30 2016 Final,private,https://api.www.documentcloud.org/files/,104081,2023-06-12 20:24:06.663000+00:00,,https://api.www.documentcloud.org/files/documents/23843379/00-ee-demo-jul-30-2016-final.txt,https://api.www.documentcloud.org/files/documents/23843379/00-ee-demo-jul-30-2016-final.pdf,97,,"{'name': ['00 EE Demo Jul 30 2016 Final.pdf'], 'group': ['ee_foia'], 'region': ['9'], 'date_recieved': ['4/25/2023'], 'type': ['final_demonstration'], 'aqs_monitor_1': ['06-025-0007'], 'aqs_monitor_2': ['06-025-0005'], 'aqs_monitor_3': ['06-025-1003'], 'aqs_monitor_4': ['06-025-4004'], 'aqs_monitor_5': ['06-025-4003'], 'origin_1': ['california'], 'origin_2': ['mexico'], 'state': ['california']}"
23843378,00 EE Demo Jul 23 24 2016 Final,private,https://api.www.documentcloud.org/files/,104081,2023-06-12 20:24:06.663000+00:00,,https://api.www.documentcloud.org/files/documents/23843378/00-ee-demo-jul-23-24-2016-final.txt,https://api.www.documentcloud.org/files/documents/23843378/00-ee-demo-jul-23-24-2016-final.pdf,99,,"{'name': ['00 EE Demo Jul 23 24 2016 Final.pdf'], 'group': ['ee_foia'], 'region': ['9'], 'date_recieved': ['4/25/2023'], 'type': ['final_demonstration'], 'aqs_monitor_1': ['06-025-0005'], 'aqs_monitor_2': ['06-025-1003'], 'aqs_monitor_3': ['06-025-0007'], 'aqs_monitor_4': ['06-025-4003'], 'origin_1': ['california'], 'origin_2': ['mexico'], 'state': ['california']}"
23843377,00 EE Demo Jul 16 2014 Final,private,https://api.www.documentcloud.org/files/,104081,2023-06-12 20:24:06.663000+00:00,,https://api.www.documentcloud.org/files/documents/23843377/00-ee-demo-jul-16-2014-final.txt,https://api.www.documentcloud.org/files/documents/23843377/00-ee-demo-jul-16-2014-final.pdf,70,['art'],"{'name': ['00 EE Demo Jul 16 2014 Final.pdf'], 'group': ['ee_foia'], 'region': ['9'], 'date_recieved': ['4/25/2023'], 'type': ['final_demonstration'], 'aqs_monitor_1': ['06-025-4003'], 'origin_1': ['california'], 'state': ['california']}"
23843376,00 EE Demo Jan 20 2018 Final Rvsd,private,https://api.www.documentcloud.org/files/,104081,2023-06-12 20:24:06.663000+00:00,,https://api.www.documentcloud.org/files/documents/23843376/00-ee-demo-jan-20-2018-final-rvsd.txt,https://api.www.documentcloud.org/files/documents/23843376/00-ee-demo-jan-20-2018-final-rvsd.pdf,50,,"{'name': ['00 EE Demo Jan 20 2018 Final Rvsd.pdf'], 'group': ['ee_foia'], 'region': ['9'], 'date_recieved': ['4/25/2023'], 'type': ['final_demonstration'], 'aqs_monitor_1': ['06-025-0007'], 'aqs_monitor_2': ['06-025-0005'], 'origin_1': ['california'], 'origin_2': ['washington'], 'state': ['california']}"
23843375,00 EE Demo Feb 19 2018 Final Rvsd,private,https://api.www.documentcloud.org/files/,104081,2023-06-12 20:24:06.663000+00:00,,https://api.www.documentcloud.org/files/documents/23843375/00-ee-demo-feb-19-2018-final-rvsd.txt,https://api.www.documentcloud.org/files/documents/23843375/00-ee-demo-feb-19-2018-final-rvsd.pdf,54,,"{'name': ['00 EE Demo Feb 19 2018 Final Rvsd.pdf'], 'group': ['ee_foia'], 'region': ['9'], 'date_recieved': ['4/25/2023'], 'type': ['final_demonstration'], 'aqs_monitor_1': ['06-025-0007'], 'aqs_monitor_2': ['06-025-0005'], 'aqs_monitor_3': ['06-025-4004'], 'aqs_monitor_4': ['06-025- 4003'], 'origin_1': ['california'], 'state': ['california']}"
23843374,00 EE Demo Feb 11 2018 Final Rvsd,private,https://api.www.documentcloud.org/files/,104081,2023-06-12 20:24:06.663000+00:00,,https://api.www.documentcloud.org/files/documents/23843374/00-ee-demo-feb-11-2018-final-rvsd.txt,https://api.www.documentcloud.org/files/documents/23843374/00-ee-demo-feb-11-2018-final-rvsd.pdf,55,,"{'name': ['00 EE Demo Feb 11 2018 Final Rvsd.pdf'], 'group': ['ee_foia'], 'region': ['9'], 'date_recieved': ['4/25/2023'], 'type': ['final_demonstration'], 'aqs_monitor': ['06-025-0005'], 'origin_1': ['california'], 'origin_2': ['arizona'], 'origin_3': ['mexico'], 'state': ['california']}"
23843373,00 EE Demo Dec 26 2015 Final,private,https://api.www.documentcloud.org/files/,104081,2023-06-12 20:24:06.663000+00:00,,https://api.www.documentcloud.org/files/documents/23843373/00-ee-demo-dec-26-2015-final.txt,https://api.www.documentcloud.org/files/documents/23843373/00-ee-demo-dec-26-2015-final.pdf,74,,"{'name': ['00 EE Demo Dec 26 2015 Final.pdf'], 'group': ['ee_foia'], 'region': ['9'], 'date_recieved': ['4/25/2023'], 'type': ['final_demonstration'], 'aqs_monitor_1': ['06-025-4003'], 'origin_1': ['california'], 'state': ['california']}"
23843372,00 EE Demo Dec 16 2016 Final,private,https://api.www.documentcloud.org/files/,104081,2023-06-12 20:24:06.663000+00:00,,https://api.www.documentcloud.org/files/documents/23843372/00-ee-demo-dec-16-2016-final.txt,https://api.www.documentcloud.org/files/documents/23843372/00-ee-demo-dec-16-2016-final.pdf,93,,"{'name': ['00 EE Demo Dec 16 2016 Final.pdf'], 'group': ['ee_foia'], 'region': ['9'], 'date_recieved': ['4/25/2023'], 'type': ['final_demonstration'], 'aqs_monitor_1': ['06-025-0007'], 'aqs_monitor_2': ['06-025-0005'], 'aqs_monitor_3': ['06-025-1003'], 'aqs_monitor_4': ['06-025-4004'], 'aqs_monitor_5': ['06-025-4003'], 'origin_1': ['california'], 'state': ['california']}"
23843371,00 EE Demo Dec 14 2015 - Final,private,https://api.www.documentcloud.org/files/,104081,2023-06-12 20:24:06.663000+00:00,,https://api.www.documentcloud.org/files/documents/23843371/00-ee-demo-dec-14-2015-final.txt,https://api.www.documentcloud.org/files/documents/23843371/00-ee-demo-dec-14-2015-final.pdf,87,,"{'name': ['00 EE Demo Dec 14 2015 - Final.pdf'], 'group': ['ee_foia'], 'region': ['9'], 'date_recieved': ['4/25/2023'], 'type': ['final_demonstration'], 'aqs_monitor_1': ['06-025-0007'], 'aqs_monitor_2': ['06-025-1003'], 'aqs_monitor_3': ['06-025-4004'], 'aqs_monitor_4': ['06-025-4003'], 'origin_1': ['california'], 'state': ['california']}"
23843370,00 EE Demo Aug 9 2016 Final,private,https://api.www.documentcloud.org/files/,104081,2023-06-12 20:24:06.663000+00:00,,https://api.www.documentcloud.org/files/documents/23843370/00-ee-demo-aug-9-2016-final.txt,https://api.www.documentcloud.org/files/documents/23843370/00-ee-demo-aug-9-2016-final.pdf,102,,"{'name': ['00 EE Demo Aug 9 2016 Final.pdf'], 'group': ['ee_foia'], 'region': ['9'], 'date_recieved': ['4/25/2023'], 'type': ['final_demonstration'], 'aqs_monitor_1': ['06-025-0005'], 'aqs_monitor_2': ['06-025-1003'], 'aqs_monitor_3': ['06-025-4004'], 'aqs_monitor_4': ['06-025-4003'], 'origin_1': ['california'], 'origin_2': ['mexico'], 'origin_3': ['arizona'], 'state': ['california']}"
23843369,00 EE Demo Aug 20 2018 FinalwImage,private,https://api.www.documentcloud.org/files/,104081,2023-06-12 20:24:06.663000+00:00,,https://api.www.documentcloud.org/files/documents/23843369/00-ee-demo-aug-20-2018-finalwimage.txt,https://api.www.documentcloud.org/files/documents/23843369/00-ee-demo-aug-20-2018-finalwimage.pdf,46,,"{'name': ['00 EE Demo Aug 20 2018 FinalwImage.pdf'], 'group': ['ee_foia'], 'region': ['9'], 'date_recieved': ['4/25/2023'], 'type': ['final_demonstration'], 'aqs_monitor': ['06-025-1003'], 'origin_1': ['mexico'], 'origin_2': ['arizona'], 'state': ['california']}"
23843368,00 EE Demo Aug 19 21 2016 Final,private,https://api.www.documentcloud.org/files/,104081,2023-06-12 20:24:06.663000+00:00,,https://api.www.documentcloud.org/files/documents/23843368/00-ee-demo-aug-19-21-2016-final.txt,https://api.www.documentcloud.org/files/documents/23843368/00-ee-demo-aug-19-21-2016-final.pdf,114,,"{'name': ['00 EE Demo Aug 19 21 2016 Final.pdf'], 'group': ['ee_foia'], 'region': ['9'], 'date_recieved': ['4/25/2023'], 'type': ['final_demonstration'], 'aqs_monitor_1': ['06-025-0007'], 'aqs_monitor_2': ['06-025-4003'], 'aqs_monitor_3': ['06-025-1003'], 'origin_1': ['california'], 'origin_2': ['arizona'], 'state': ['california']}"
23843367,00 EE Demo Aug 18 2014 Final,private,https://api.www.documentcloud.org/files/,104081,2023-06-12 20:24:06.663000+00:00,,https://api.www.documentcloud.org/files/documents/23843367/00-ee-demo-aug-18-2014-final.txt,https://api.www.documentcloud.org/files/documents/23843367/00-ee-demo-aug-18-2014-final.pdf,72,,"{'name': ['00 EE Demo Aug 18 2014 Final.pdf'], 'group': ['ee_foia'], 'region': ['9'], 'date_recieved': ['4/25/2023'], 'type': ['final_demonstration'], 'aqs_monitor': ['06-025-4004'], 'origin_1': ['california'], 'origin_2': ['arizona'], 'origin_3': ['mexico'], 'state': ['california']}"
23843365,00 EE Demo Apr 29 30 May 01 2018 Final,private,https://api.www.documentcloud.org/files/,104081,2023-06-12 20:24:06.662000+00:00,,https://api.www.documentcloud.org/files/documents/23843365/00-ee-demo-apr-29-30-may-01-2018-final.txt,https://api.www.documentcloud.org/files/documents/23843365/00-ee-demo-apr-29-30-may-01-2018-final.pdf,57,,"{'name': ['00 EE Demo Apr 29 30 May 01 2018 Final.pdf'], 'group': ['ee_foia'], 'region': ['9'], 'date_recieved': ['4/25/2023'], 'type': ['final_demonstration'], 'aqs_monitor_1': ['06-025-0007'], 'aqs_monitor_2': ['06-025-4004'], 'aqs_monitor_3': ['06- 025-4003'], 'origin_1': ['california'], 'state': ['california']}"
23843364,00 EE Demo Apr 25 26 2014 Final,private,https://api.www.documentcloud.org/files/,104081,2023-06-12 20:24:06.662000+00:00,,https://api.www.documentcloud.org/files/documents/23843364/00-ee-demo-apr-25-26-2014-final.txt,https://api.www.documentcloud.org/files/documents/23843364/00-ee-demo-apr-25-26-2014-final.pdf,53,,"{'name': ['00 EE Demo Apr 25 26 2014 Final.pdf'], 'group': ['ee_foia'], 'region': ['9'], 'date_recieved': ['4/25/2023'], 'type': ['final_demonstration'], 'aqs_monitor_1': ['06-025-0007'], 'origin_1': ['california'], 'state': ['california']}"
23843362,00 EE Demo Apr 24 25 2016 Final,private,https://api.www.documentcloud.org/files/,104081,2023-06-12 20:24:06.662000+00:00,,https://api.www.documentcloud.org/files/documents/23843362/00-ee-demo-apr-24-25-2016-final.txt,https://api.www.documentcloud.org/files/documents/23843362/00-ee-demo-apr-24-25-2016-final.pdf,90,,"{'name': ['00 EE Demo Apr 24 25 2016 Final.pdf'], 'group': ['ee_foia'], 'region': ['9'], 'date_recieved': ['4/25/2023'], 'type': ['final_demonstration'], 'aqs_monitor_1': ['06-025-0007'], 'aqs_monitor_2': ['06-025-4003'], 'aqs_monitor_3': ['06-025-0005'], 'aqs_monitor_4': ['06-025-4004'], 'origin_1': ['california'], 'state': ['california']}"
23843361,00 EE Demo Apr 22 2016 Final,private,https://api.www.documentcloud.org/files/,104081,2023-06-12 20:24:06.662000+00:00,,https://api.www.documentcloud.org/files/documents/23843361/00-ee-demo-apr-22-2016-final.txt,https://api.www.documentcloud.org/files/documents/23843361/00-ee-demo-apr-22-2016-final.pdf,69,,"{'name': ['00 EE Demo Apr 22 2016 Final.pdf'], 'group': ['ee_foia'], 'region': ['9'], 'date_recieved': ['4/25/2023'], 'type': ['final_demonstration'], 'aqs_monitor_1': ['06-025-4003'], 'aqs_monitor_2': ['06-025-0007'], 'origin_1': ['california'], 'state': ['california']}"
23843360,00 EE Demo Apr 19 2018 Final Rvsd,private,https://api.www.documentcloud.org/files/,104081,2023-06-12 20:24:06.662000+00:00,,https://api.www.documentcloud.org/files/documents/23843360/00-ee-demo-apr-19-2018-final-rvsd.txt,https://api.www.documentcloud.org/files/documents/23843360/00-ee-demo-apr-19-2018-final-rvsd.pdf,51,,"{'name': ['00 EE Demo Apr 19 2018 Final Rvsd.pdf'], 'group': ['ee_foia'], 'region': ['9'], 'date_recieved': ['4/25/2023'], 'type': ['final_demonstration'], 'aqs_monitor_1': ['06- 025-0007'], 'aqs_monitor_2': ['06-025-0005'], 'aqs_monitor_3': ['06-025-4003'], 'origin_1': ['california'], 'state': ['california']}"
23843359,00 EE Demo Apr 16 2018 Final Rvsd,private,https://api.www.documentcloud.org/files/,104081,2023-06-12 20:24:06.662000+00:00,,https://api.www.documentcloud.org/files/documents/23843359/00-ee-demo-apr-16-2018-final-rvsd.txt,https://api.www.documentcloud.org/files/documents/23843359/00-ee-demo-apr-16-2018-final-rvsd.pdf,54,,"{'name': ['00 EE Demo Apr 16 2018 Final Rvsd.pdf'], 'group': ['ee_foia'], 'region': ['9'], 'date_recieved': ['4/25/2023'], 'type': ['final_demonstration'], 'aqs_monitor_1': ['06- 025-0007'], 'aqs_monitor_2': ['06-025-0005'], 'aqs_monitor_3': ['06-025-1003'], 'aqs_monitor_4': ['06-025-4004'], 'aqs_monitor_5': ['06-025-4003'], 'origin_1': ['california'], 'state': ['california']}"
23843358,00 EE Demo Apr 14 2016 Final,private,https://api.www.documentcloud.org/files/,104081,2023-06-12 20:24:06.662000+00:00,,https://api.www.documentcloud.org/files/documents/23843358/00-ee-demo-apr-14-2016-final.txt,https://api.www.documentcloud.org/files/documents/23843358/00-ee-demo-apr-14-2016-final.pdf,68,,"{'name': ['00 EE Demo Apr 14 2016 Final.pdf'], 'group': ['ee_foia'], 'region': ['9'], 'date_recieved': ['4/25/2023'], 'type': ['final_demonstration'], 'aqs_monitor_1': ['06-025-4003'], 'aqs_monitor_2': ['06-025-0007'], 'origin_1': ['california'], 'state': ['california']}"
23843347,EPA-R05-OAR-2023-0058-0002_content(1),private,https://api.www.documentcloud.org/files/,104081,2023-06-12 20:05:08.121000+00:00,,https://api.www.documentcloud.org/files/documents/23843347/epa-r05-oar-2023-0058-0002_content1.txt,https://api.www.documentcloud.org/files/documents/23843347/epa-r05-oar-2023-0058-0002_content1.pdf,101,"['industry', 'art']","{'name': ['EPA-R05-OAR-2023-0058-0002_content(1).pdf'], 'group': ['ee_foia'], 'region': ['5'], 'date_recieved': ['3/3/2023'], 'type': ['final_demonstration'], 'origin_1': ['british_columbia'], 'origin_2': ['alberta'], 'origin_3': ['saskatchewan'], 'origin_4': ['manitoba'], 'aqs_monitor_1': ['26-163-0019'], 'state': ['michigan']}"
23843346,EPA-HQ-OAR-2021-0742-0253_content,private,https://api.www.documentcloud.org/files/,104081,2023-06-12 20:05:08.120000+00:00,,https://api.www.documentcloud.org/files/documents/23843346/epa-hq-oar-2021-0742-0253_content.txt,https://api.www.documentcloud.org/files/documents/23843346/epa-hq-oar-2021-0742-0253_content.pdf,150,['art'],"{'name': ['EPA-HQ-OAR-2021-0742-0253_content.pdf'], 'group': ['ee_foia'], 'region': ['5'], 'date_recieved': ['3/3/2023'], 'type': ['final_demonstration'], 'origin_1': ['arizona'], 'aqs_monitor_1': ['39-165-0007'], 'state': ['ohio']}"
23843340,EPA-HQ-OAR-2021-0741-0014_content(2),private,https://api.www.documentcloud.org/files/,104081,2023-06-12 20:05:08.120000+00:00,,https://api.www.documentcloud.org/files/documents/23843340/epa-hq-oar-2021-0741-0014_content2.txt,https://api.www.documentcloud.org/files/documents/23843340/epa-hq-oar-2021-0741-0014_content2.pdf,159,"['art', 'industry']","{'name': ['EPA-HQ-OAR-2021-0741-0014_content(2).pdf'], 'group': ['ee_foia'], 'region': ['5'], 'date_recieved': ['3/3/2023'], 'type': ['final_demonstration'], 'origin_1': ['arizona'], 'aqs_monitor_1': ['17-031-4201'], 'state': ['illinois']}"
23843253,RIDEM May 2016 Ex Ev Demo_FINAL,private,https://api.www.documentcloud.org/files/,104081,2023-06-12 19:12:43.723000+00:00,,https://api.www.documentcloud.org/files/documents/23843253/ridem-may-2016-ex-ev-demo_final.txt,https://api.www.documentcloud.org/files/documents/23843253/ridem-may-2016-ex-ev-demo_final.pdf,62,['art'],"{'name': ['RIDEM May 2016 Ex Ev Demo_FINAL.pdf'], 'group': ['ee_foia'], 'region': ['1'], 'date_recieved': ['5/25/2023'], 'type': ['final_demonstration'], 'aqs_monitor_1': ['440090007'], 'aqs_monitor_2': ['40071010'], 'aqs_monitor_3': ['440030002'], 'origin_1': ['alberta'], 'state': ['rhode island']}"
23843247,R1_RI DEM_Ft_ McMurray_Final Demonstration Submittal_20170620,private,https://api.www.documentcloud.org/files/,104081,2023-06-12 19:12:43.723000+00:00,,https://api.www.documentcloud.org/files/documents/23843247/r1_ri-dem_ft_-mcmurray_final-demonstration-submittal_20170620.txt,https://api.www.documentcloud.org/files/documents/23843247/r1_ri-dem_ft_-mcmurray_final-demonstration-submittal_20170620.pdf,62,['art'],"{'name': ['R1_RI DEM_Ft_ McMurray_Final Demonstration Submittal_20170620.pdf'], 'group': ['ee_foia'], 'region': ['1'], 'date_recieved': ['5/25/2023'], 'type': ['final_demonstration'], 'aqs_monitor_1': ['440090007'], 'aqs_monitor_2': ['440030002'], 'aqs_monitor_3': ['440071010'], 'aqs_monitor_4': ['440030002'], 'origin_1': ['alberta'], 'state': ['rhode island']}"
23843240,R1_MA DEP_Ft_ McMurray_Final Demonstration Submittal_20170525,private,https://api.www.documentcloud.org/files/,104081,2023-06-12 19:12:00.328000+00:00,,https://api.www.documentcloud.org/files/documents/23843240/r1_ma-dep_ft_-mcmurray_final-demonstration-submittal_20170525.txt,https://api.www.documentcloud.org/files/documents/23843240/r1_ma-dep_ft_-mcmurray_final-demonstration-submittal_20170525.pdf,82,,"{'name': ['R1_MA DEP_Ft_ McMurray_Final Demonstration Submittal_20170525.pdf'], 'group': ['ee_foia'], 'region': ['1'], 'date_recieved': ['5/25/2023'], 'type': ['final_demonstration'], 'origin_1': ['alberta'], 'monitor_1': ['chicopee'], 'monitor_2': ['ware'], 'state': ['massachusetts']}"
23843206,WDEQ-AQD Aug-Sept 2017 EE Demonstration- FINAL,private,https://api.www.documentcloud.org/files/,104081,2023-06-12 19:01:18.344000+00:00,,https://api.www.documentcloud.org/files/documents/23843206/wdeq-aqd-aug-sept-2017-ee-demonstration-final.txt,https://api.www.documentcloud.org/files/documents/23843206/wdeq-aqd-aug-sept-2017-ee-demonstration-final.pdf,594,['industry'],"{'name': ['WDEQ-AQD Aug-Sept 2017 EE Demonstration- FINAL.pdf'], 'group': ['ee_foia'], 'region': ['8'], 'date_recieved': ['5/1/2023'], 'type': ['final_demonstration'], 'origin_2': ['Idaho'], 'origin_3': ['California'], 'origin_1': ['Montana'], 'origin_4': ['South Dakota'], 'origin_5': ['Colorado'], 'origin_6': ['Oregon'], 'origin_7': ['Wyoming'], 'aqs_monitor_1': ['56-033-1003-11'], 'aqs_monitor_2': ['56-005-0869-2'], 'aqs_monitor_3': ['56-005-0895-1'], 'aqs_monitor_4': ['56-005-0891-2'], 'aqs_monitor_5': ['56-009-0088-1'], 'aqs_monitor_6': ['56-009-0851-1'], 'aqs_monitor_7': ['56-005-0892-3'], 'aqs_monitor_8': ['56-005-1899-3'], 'aqs_monitor_9': ['56-005-0891-3'], 'aqs_monitor_10': ['56-033-0006-3'], 'aqs_monitor_11': ['56-021-0100-11'], 'aqs_monitor_12': ['56-033-0002-11'], 'aqs_monitor_13': ['56-013-0232-1'], 'aqs_monitor_14': ['56-025-0005-3'], 'aqs_monitor_15': ['56-021-0100-1'], 'aqs_monitor_16': ['56-021-0100-3'], 'aqs_monitor_17': ['56-001-0010-3'], 'aqs_monitor_18': ['56-025-0001-1'], 'aqs_monitor_19': ['56-021-0001-1'], 'aqs_monitor_20': ['56-001-0006-1'], 'aqs_monitor_21': ['56-039-1013-1'], 'aqs_monitor_22': ['56-035-0101-1'], 'aqs_monitor_23': ['56-009-0009-3'], 'state': ['wyoming']}"
23843174,PM10_2017 Exceptional Events PUBLIC COMMENT VERSION,private,https://api.www.documentcloud.org/files/,104081,2023-06-12 19:00:56.544000+00:00,,https://api.www.documentcloud.org/files/documents/23843174/pm10_2017-exceptional-events-public-comment-version.txt,https://api.www.documentcloud.org/files/documents/23843174/pm10_2017-exceptional-events-public-comment-version.pdf,115,['art'],"{'name': ['PM10_2017 Exceptional Events PUBLIC COMMENT VERSION.pdf'], 'group': ['ee_foia'], 'region': ['8'], 'date_recieved': ['5/1/2023'], 'type': ['final_demonstration'], 'aqs_monitor_1': ['30-063-0024'], 'aqs_monitor_2': ['30-093-0005'], 'aqs_monitor_3': ['30-029-0009'], 'aqs_monitor_4': ['30-029-0047'], 'aqs_monitor_5': ['30-053-0018'], 'aqs_monitor_6': ['30-029-0049'], 'aqs_monitor_7': ['30-089-0007'], 'origin_1': ['montana'], 'origin_2': ['california'], 'origin_3': ['oregon'], 'origin_4': ['washington'], 'origin_5': ['british_columbia'], 'state': ['montana'], 'origin_6': ['idaho']}"
23843169,NARM 20161129 Chron EE Packet Public Comment Version,private,https://api.www.documentcloud.org/files/,104081,2023-06-12 19:00:56.544000+00:00,,https://api.www.documentcloud.org/files/documents/23843169/narm-20161129-chron-ee-packet-public-comment-version.txt,https://api.www.documentcloud.org/files/documents/23843169/narm-20161129-chron-ee-packet-public-comment-version.pdf,105,['industry'],"{'name': ['NARM 20161129 Chron EE Packet Public Comment Version.pdf'], 'group': ['ee_foia'], 'region': ['8'], 'date_recieved': ['5/1/2023'], 'type': ['final_demonstration'], 'aqs_monitor_1': ['56-009-0088-1'], 'origin': ['wyoming'], 'state': ['wyoming']}"
23843132,Final EPA TSD Sept,private,https://api.www.documentcloud.org/files/,104081,2023-06-12 18:59:49.713000+00:00,,https://api.www.documentcloud.org/files/documents/23843132/final-epa-tsd-sept.txt,https://api.www.documentcloud.org/files/documents/23843132/final-epa-tsd-sept.pdf,20,,"{'name': ['Final EPA TSD Sept.pdf'], 'group': ['ee_foia'], 'region': ['8'], 'date_recieved': ['5/1/2023'], 'type': ['final_demonstration'], 'aqs_monitor_1': ['08-059-0011'], 'origin_1': ['montana'], 'origin_2': ['idaho'], 'origin_3': ['oregon'], 'origin_4': ['washington'], 'origin_5': ['california'], 'state': ['colorado']}"
23843131,Final CO Post Public TSD,private,https://api.www.documentcloud.org/files/,104081,2023-06-12 18:59:49.713000+00:00,,https://api.www.documentcloud.org/files/documents/23843131/final-co-post-public-tsd.txt,https://api.www.documentcloud.org/files/documents/23843131/final-co-post-public-tsd.pdf,252,"['industry', 'art']","{'name': ['Final CO Post Public TSD.pdf'], 'group': ['ee_foia'], 'region': ['8'], 'date_recieved': ['5/1/2023'], 'type': ['final_demonstration'], 'origin_2': ['wyoming'], 'origin_3': ['montana'], 'origin_4': ['british_columbia'], 'origin_5': ['california'], 'origin_6': ['alberta'], 'origin_7': ['washington'], 'origin_8': ['oregon'], 'origin_9': ['saskatchewan'], 'origin_10': ['nunavut'], 'origin_1': ['idaho'], 'aqs_monitor_1': ['08-059-0013'], 'aqs_monitor_2': ['08-035-0004'], 'aqs_monitor_3': ['08-005-0002'], 'aqs_monitor_4': ['08-059-0011'], 'aqs_monitor_5': ['08-059-0006'], 'aqs_monitor_6': ['08-059-0005'], 'state': ['colorado']}"
23843102,April_28_2019_BigPiney_JuelSprings_Moxa_SouthPass_SI_Package Final2 Pub Comment Vers,private,https://api.www.documentcloud.org/files/,104081,2023-06-12 18:59:33.906000+00:00,,https://api.www.documentcloud.org/files/documents/23843102/april_28_2019_bigpiney_juelsprings_moxa_southpass_si_package-final2-pub-comment-vers.txt,https://api.www.documentcloud.org/files/documents/23843102/april_28_2019_bigpiney_juelsprings_moxa_southpass_si_package-final2-pub-comment-vers.pdf,123,['art'],"{'name': ['April_28_2019_BigPiney_JuelSprings_Moxa_SouthPass_SI_Package Final2 Pub Comment Vers.pdf'], 'group': ['ee_foia'], 'region': ['8'], 'date_recieved': ['5/1/2023'], 'type': ['final_demonstration'], 'aqs_monitor_1': ['56-035-0700'], 'aqs_monitor_2': ['56-035-1002'], 'aqs_monitor_3': ['56-037-0300'], 'aqs_monitor_4': ['56-013-0099'], 'origin_1': ['wyoming'], 'origin_2': ['idaho'], 'state': ['wyoming']}"
23843076,2018_PM2,private,https://api.www.documentcloud.org/files/,104081,2023-06-12 18:59:05.156000+00:00,,https://api.www.documentcloud.org/files/documents/23843076/2018_pm2.txt,https://api.www.documentcloud.org/files/documents/23843076/2018_pm2.pdf,163,['art'],"{'name': ['2018_PM2.pdf'], 'group': ['ee_foia'], 'region': ['8'], 'date_recieved': ['5/1/2023'], 'type': ['final_demonstration'], 'aqs_monitor_1': ['30-029-0047'], 'aqs_monitor_2': ['30-029-0049'], 'aqs_monitor_3': ['30-053-0018'], 'aqs_monitor_4': ['30-029-0009'], 'origin_1': ['montana'], 'origin_2': ['british_columbia'], 'origin_3': ['idaho'], 'origin_4': ['washington'], 'origin_5': ['oregon'], 'origin_6': ['california'], 'origin_7': ['ontario'], 'origin_8': ['nevada'], 'origin_9': ['colorado'], 'origin_10': ['arizona'], 'state': ['montana']}"
23843069,2017,private,https://api.www.documentcloud.org/files/,104081,2023-06-12 18:59:05.156000+00:00,,https://api.www.documentcloud.org/files/documents/23843069/2017.txt,https://api.www.documentcloud.org/files/documents/23843069/2017.pdf,252,"['industry', 'art']","{'name': ['2017.pdf'], 'group': ['ee_foia'], 'region': ['8'], 'date_recieved': ['5/1/2023'], 'type': ['final_demonstration'], 'origin_1': ['montana'], 'origin_2': ['idaho'], 'origin_3': ['oregon'], 'origin_4': ['washington'], 'origin_5': ['california'], 'origin_6': ['wyoming'], 'origin_7': ['british_columbia'], 'origin_8': ['alberta'], 'origin_9': ['saskatchewan'], 'aqs_monitor_1': ['08-059-0013'], 'aqs_monitor_2': ['08-035-0004'], 'aqs_monitor_3': ['08-005-0002'], 'aqs_monitor_4': ['08-059-0011'], 'aqs_monitor_5': ['08-059-0006'], 'aqs_monitor_6': ['08-059-0005'], 'state': ['colorado']}"
