"","date","site_id","daily_mean_pm10_concentration","state","county","site_longitude","site_latitude","concurred"
"1",2018-01-01,"060670010",47,"California","Sacramento",-121.49311,38.56844,"N"
"2",2018-01-03,"060670010",65,"California","Sacramento",-121.49311,38.56844,"N"
"3",2018-01-04,"060670010",42,"California","Sacramento",-121.49311,38.56844,"N"
"4",2018-01-05,"060670010",26,"California","Sacramento",-121.49311,38.56844,"N"
"5",2018-01-06,"060670010",13,"California","Sacramento",-121.49311,38.56844,"N"
"6",2018-01-07,"060670010",17,"California","Sacramento",-121.49311,38.56844,"N"
"7",2018-01-08,"060670010",11,"California","Sacramento",-121.49311,38.56844,"N"
"8",2018-01-09,"060670010",5,"California","Sacramento",-121.49311,38.56844,"N"
"9",2018-01-10,"060670010",14,"California","Sacramento",-121.49311,38.56844,"N"
"10",2018-01-11,"060670010",25,"California","Sacramento",-121.49311,38.56844,"N"
"11",2018-01-12,"060670010",18,"California","Sacramento",-121.49311,38.56844,"N"
"12",2018-01-13,"060670010",23,"California","Sacramento",-121.49311,38.56844,"N"
"13",2018-01-14,"060670010",28,"California","Sacramento",-121.49311,38.56844,"N"
"14",2018-01-15,"060670010",24,"California","Sacramento",-121.49311,38.56844,"N"
"15",2018-01-16,"060670010",21,"California","Sacramento",-121.49311,38.56844,"N"
"16",2018-01-17,"060670010",21,"California","Sacramento",-121.49311,38.56844,"N"
"17",2018-01-18,"060670010",31,"California","Sacramento",-121.49311,38.56844,"N"
"18",2018-01-19,"060670010",10,"California","Sacramento",-121.49311,38.56844,"N"
"19",2018-01-20,"060670010",10,"California","Sacramento",-121.49311,38.56844,"N"
"20",2018-01-21,"060670010",18,"California","Sacramento",-121.49311,38.56844,"N"
"21",2018-01-22,"060670010",12,"California","Sacramento",-121.49311,38.56844,"N"
"22",2018-01-23,"060670010",16,"California","Sacramento",-121.49311,38.56844,"N"
"23",2018-01-24,"060670010",19,"California","Sacramento",-121.49311,38.56844,"N"
"24",2018-01-25,"060670010",10,"California","Sacramento",-121.49311,38.56844,"N"
"25",2018-01-26,"060670010",16,"California","Sacramento",-121.49311,38.56844,"N"
"26",2018-01-27,"060670010",15,"California","Sacramento",-121.49311,38.56844,"N"
"27",2018-01-31,"060670010",24,"California","Sacramento",-121.49311,38.56844,"N"
"28",2018-02-01,"060670010",27,"California","Sacramento",-121.49311,38.56844,"N"
"29",2018-02-02,"060670010",43,"California","Sacramento",-121.49311,38.56844,"N"
"30",2018-02-03,"060670010",42,"California","Sacramento",-121.49311,38.56844,"N"
"31",2018-02-04,"060670010",37,"California","Sacramento",-121.49311,38.56844,"N"
"32",2018-02-06,"060670010",18,"California","Sacramento",-121.49311,38.56844,"N"
"33",2018-02-07,"060670010",30,"California","Sacramento",-121.49311,38.56844,"N"
"34",2018-02-08,"060670010",37,"California","Sacramento",-121.49311,38.56844,"N"
"35",2018-02-09,"060670010",34,"California","Sacramento",-121.49311,38.56844,"N"
"36",2018-02-10,"060670010",29,"California","Sacramento",-121.49311,38.56844,"N"
"37",2018-02-11,"060670010",17,"California","Sacramento",-121.49311,38.56844,"N"
"38",2018-02-12,"060670010",16,"California","Sacramento",-121.49311,38.56844,"N"
"39",2018-02-13,"060670010",17,"California","Sacramento",-121.49311,38.56844,"N"
"40",2018-02-14,"060670010",18,"California","Sacramento",-121.49311,38.56844,"N"
"41",2018-02-15,"060670010",16,"California","Sacramento",-121.49311,38.56844,"N"
"42",2018-02-16,"060670010",26,"California","Sacramento",-121.49311,38.56844,"N"
"43",2018-02-17,"060670010",27,"California","Sacramento",-121.49311,38.56844,"N"
"44",2018-02-18,"060670010",10,"California","Sacramento",-121.49311,38.56844,"N"
"45",2018-02-19,"060670010",13,"California","Sacramento",-121.49311,38.56844,"N"
"46",2018-02-20,"060670010",13,"California","Sacramento",-121.49311,38.56844,"N"
"47",2018-02-21,"060670010",16,"California","Sacramento",-121.49311,38.56844,"N"
"48",2018-02-22,"060670010",12,"California","Sacramento",-121.49311,38.56844,"N"
"49",2018-02-23,"060670010",15,"California","Sacramento",-121.49311,38.56844,"N"
"50",2018-02-24,"060670010",19,"California","Sacramento",-121.49311,38.56844,"N"
"51",2018-02-25,"060670010",15,"California","Sacramento",-121.49311,38.56844,"N"
"52",2018-02-26,"060670010",11,"California","Sacramento",-121.49311,38.56844,"N"
"53",2018-02-27,"060670010",14,"California","Sacramento",-121.49311,38.56844,"N"
"54",2018-02-28,"060670010",17,"California","Sacramento",-121.49311,38.56844,"N"
"55",2018-03-01,"060670010",12,"California","Sacramento",-121.49311,38.56844,"N"
"56",2018-03-02,"060670010",10,"California","Sacramento",-121.49311,38.56844,"N"
"57",2018-03-03,"060670010",10,"California","Sacramento",-121.49311,38.56844,"N"
"58",2018-03-04,"060670010",10,"California","Sacramento",-121.49311,38.56844,"N"
"59",2018-03-05,"060670010",11,"California","Sacramento",-121.49311,38.56844,"N"
"60",2018-03-06,"060670010",20,"California","Sacramento",-121.49311,38.56844,"N"
"61",2018-03-07,"060670010",23,"California","Sacramento",-121.49311,38.56844,"N"
"62",2018-03-08,"060670010",12,"California","Sacramento",-121.49311,38.56844,"N"
"63",2018-03-09,"060670010",14,"California","Sacramento",-121.49311,38.56844,"N"
"64",2018-03-10,"060670010",18,"California","Sacramento",-121.49311,38.56844,"N"
"65",2018-03-11,"060670010",21,"California","Sacramento",-121.49311,38.56844,"N"
"66",2018-03-12,"060670010",18,"California","Sacramento",-121.49311,38.56844,"N"
"67",2018-03-13,"060670010",11,"California","Sacramento",-121.49311,38.56844,"N"
"68",2018-03-14,"060670010",8,"California","Sacramento",-121.49311,38.56844,"N"
"69",2018-03-15,"060670010",11,"California","Sacramento",-121.49311,38.56844,"N"
"70",2018-03-16,"060670010",10,"California","Sacramento",-121.49311,38.56844,"N"
"71",2018-03-17,"060670010",9,"California","Sacramento",-121.49311,38.56844,"N"
"72",2018-03-18,"060670010",12,"California","Sacramento",-121.49311,38.56844,"N"
"73",2018-03-19,"060670010",16,"California","Sacramento",-121.49311,38.56844,"N"
"74",2018-03-20,"060670010",16,"California","Sacramento",-121.49311,38.56844,"N"
"75",2018-03-21,"060670010",11,"California","Sacramento",-121.49311,38.56844,"N"
"76",2018-03-22,"060670010",10,"California","Sacramento",-121.49311,38.56844,"N"
"77",2018-03-23,"060670010",13,"California","Sacramento",-121.49311,38.56844,"N"
"78",2018-03-24,"060670010",12,"California","Sacramento",-121.49311,38.56844,"N"
"79",2018-03-25,"060670010",9,"California","Sacramento",-121.49311,38.56844,"N"
"80",2018-03-26,"060670010",10,"California","Sacramento",-121.49311,38.56844,"N"
"81",2018-03-27,"060670010",13,"California","Sacramento",-121.49311,38.56844,"N"
"82",2018-03-28,"060670010",22,"California","Sacramento",-121.49311,38.56844,"N"
"83",2018-03-29,"060670010",23,"California","Sacramento",-121.49311,38.56844,"N"
"84",2018-03-30,"060670010",30,"California","Sacramento",-121.49311,38.56844,"N"
"85",2018-03-31,"060670010",25,"California","Sacramento",-121.49311,38.56844,"N"
"86",2018-04-01,"060670010",22,"California","Sacramento",-121.49311,38.56844,"N"
"87",2018-04-02,"060670010",23,"California","Sacramento",-121.49311,38.56844,"N"
"88",2018-04-03,"060670010",24,"California","Sacramento",-121.49311,38.56844,"N"
"89",2018-04-04,"060670010",24,"California","Sacramento",-121.49311,38.56844,"N"
"90",2018-04-05,"060670010",16,"California","Sacramento",-121.49311,38.56844,"N"
"91",2018-04-06,"060670010",9,"California","Sacramento",-121.49311,38.56844,"N"
"92",2018-04-07,"060670010",18,"California","Sacramento",-121.49311,38.56844,"N"
"93",2018-04-08,"060670010",17,"California","Sacramento",-121.49311,38.56844,"N"
"94",2018-04-09,"060670010",19,"California","Sacramento",-121.49311,38.56844,"N"
"95",2018-04-10,"060670010",18,"California","Sacramento",-121.49311,38.56844,"N"
"96",2018-04-11,"060670010",15,"California","Sacramento",-121.49311,38.56844,"N"
"97",2018-04-12,"060670010",13,"California","Sacramento",-121.49311,38.56844,"N"
"98",2018-04-13,"060670010",14,"California","Sacramento",-121.49311,38.56844,"N"
"99",2018-04-14,"060670010",18,"California","Sacramento",-121.49311,38.56844,"N"
"100",2018-04-15,"060670010",23,"California","Sacramento",-121.49311,38.56844,"N"
"101",2018-04-16,"060670010",13,"California","Sacramento",-121.49311,38.56844,"N"
"102",2018-04-17,"060670010",11,"California","Sacramento",-121.49311,38.56844,"N"
"103",2018-04-18,"060670010",14,"California","Sacramento",-121.49311,38.56844,"N"
"104",2018-04-19,"060670010",17,"California","Sacramento",-121.49311,38.56844,"N"
"105",2018-04-20,"060670010",18,"California","Sacramento",-121.49311,38.56844,"N"
"106",2018-04-21,"060670010",24,"California","Sacramento",-121.49311,38.56844,"N"
"107",2018-04-22,"060670010",25,"California","Sacramento",-121.49311,38.56844,"N"
"108",2018-04-23,"060670010",28,"California","Sacramento",-121.49311,38.56844,"N"
"109",2018-04-24,"060670010",34,"California","Sacramento",-121.49311,38.56844,"N"
"110",2018-04-25,"060670010",31,"California","Sacramento",-121.49311,38.56844,"N"
"111",2018-04-26,"060670010",29,"California","Sacramento",-121.49311,38.56844,"N"
"112",2018-04-27,"060670010",22,"California","Sacramento",-121.49311,38.56844,"N"
"113",2018-04-28,"060670010",16,"California","Sacramento",-121.49311,38.56844,"N"
"114",2018-04-29,"060670010",11,"California","Sacramento",-121.49311,38.56844,"N"
"115",2018-04-30,"060670010",20,"California","Sacramento",-121.49311,38.56844,"N"
"116",2018-05-01,"060670010",29,"California","Sacramento",-121.49311,38.56844,"N"
"117",2018-05-02,"060670010",33,"California","Sacramento",-121.49311,38.56844,"N"
"118",2018-05-03,"060670010",22,"California","Sacramento",-121.49311,38.56844,"N"
"119",2018-05-04,"060670010",25,"California","Sacramento",-121.49311,38.56844,"N"
"120",2018-05-05,"060670010",22,"California","Sacramento",-121.49311,38.56844,"N"
"121",2018-05-06,"060670010",15,"California","Sacramento",-121.49311,38.56844,"N"
"122",2018-05-07,"060670010",24,"California","Sacramento",-121.49311,38.56844,"N"
"123",2018-05-08,"060670010",25,"California","Sacramento",-121.49311,38.56844,"N"
"124",2018-05-09,"060670010",19,"California","Sacramento",-121.49311,38.56844,"N"
"125",2018-05-10,"060670010",28,"California","Sacramento",-121.49311,38.56844,"N"
"126",2018-05-11,"060670010",79,"California","Sacramento",-121.49311,38.56844,"N"
"127",2018-05-12,"060670010",32,"California","Sacramento",-121.49311,38.56844,"N"
"128",2018-05-13,"060670010",21,"California","Sacramento",-121.49311,38.56844,"N"
"129",2018-05-14,"060670010",17,"California","Sacramento",-121.49311,38.56844,"N"
"130",2018-05-15,"060670010",17,"California","Sacramento",-121.49311,38.56844,"N"
"131",2018-05-16,"060670010",14,"California","Sacramento",-121.49311,38.56844,"N"
"132",2018-05-17,"060670010",18,"California","Sacramento",-121.49311,38.56844,"N"
"133",2018-05-18,"060670010",21,"California","Sacramento",-121.49311,38.56844,"N"
"134",2018-05-19,"060670010",22,"California","Sacramento",-121.49311,38.56844,"N"
"135",2018-05-20,"060670010",19,"California","Sacramento",-121.49311,38.56844,"N"
"136",2018-05-21,"060670010",29,"California","Sacramento",-121.49311,38.56844,"N"
"137",2018-05-22,"060670010",24,"California","Sacramento",-121.49311,38.56844,"N"
"138",2018-05-23,"060670010",13,"California","Sacramento",-121.49311,38.56844,"N"
"139",2018-05-24,"060670010",17,"California","Sacramento",-121.49311,38.56844,"N"
"140",2018-05-25,"060670010",11,"California","Sacramento",-121.49311,38.56844,"N"
"141",2018-05-26,"060670010",12,"California","Sacramento",-121.49311,38.56844,"N"
"142",2018-05-27,"060670010",18,"California","Sacramento",-121.49311,38.56844,"N"
"143",2018-05-28,"060670010",21,"California","Sacramento",-121.49311,38.56844,"N"
"144",2018-05-29,"060670010",36,"California","Sacramento",-121.49311,38.56844,"N"
"145",2018-05-30,"060670010",43,"California","Sacramento",-121.49311,38.56844,"N"
"146",2018-05-31,"060670010",24,"California","Sacramento",-121.49311,38.56844,"N"
"147",2018-06-01,"060670010",25,"California","Sacramento",-121.49311,38.56844,"N"
"148",2018-06-02,"060670010",24,"California","Sacramento",-121.49311,38.56844,"N"
"149",2018-06-03,"060670010",25,"California","Sacramento",-121.49311,38.56844,"N"
"150",2018-06-04,"060670010",35,"California","Sacramento",-121.49311,38.56844,"N"
"151",2018-06-05,"060670010",31,"California","Sacramento",-121.49311,38.56844,"N"
"152",2018-06-06,"060670010",28,"California","Sacramento",-121.49311,38.56844,"N"
"153",2018-06-07,"060670010",26,"California","Sacramento",-121.49311,38.56844,"N"
"154",2018-06-08,"060670010",27,"California","Sacramento",-121.49311,38.56844,"N"
"155",2018-06-09,"060670010",16,"California","Sacramento",-121.49311,38.56844,"N"
"156",2018-06-10,"060670010",16,"California","Sacramento",-121.49311,38.56844,"N"
"157",2018-06-11,"060670010",25,"California","Sacramento",-121.49311,38.56844,"N"
"158",2018-06-12,"060670010",28,"California","Sacramento",-121.49311,38.56844,"N"
"159",2018-06-13,"060670010",36,"California","Sacramento",-121.49311,38.56844,"N"
"160",2018-06-19,"060670010",19,"California","Sacramento",-121.49311,38.56844,"N"
"161",2018-06-20,"060670010",17,"California","Sacramento",-121.49311,38.56844,"N"
"162",2018-06-21,"060670010",20,"California","Sacramento",-121.49311,38.56844,"N"
"163",2018-06-22,"060670010",22,"California","Sacramento",-121.49311,38.56844,"N"
"164",2018-06-23,"060670010",28,"California","Sacramento",-121.49311,38.56844,"N"
"165",2018-06-24,"060670010",23,"California","Sacramento",-121.49311,38.56844,"N"
"166",2018-06-25,"060670010",16,"California","Sacramento",-121.49311,38.56844,"N"
"167",2018-06-26,"060670010",30,"California","Sacramento",-121.49311,38.56844,"N"
"168",2018-06-27,"060670010",27,"California","Sacramento",-121.49311,38.56844,"N"
"169",2018-06-28,"060670010",32,"California","Sacramento",-121.49311,38.56844,"N"
"170",2018-06-29,"060670010",27,"California","Sacramento",-121.49311,38.56844,"N"
"171",2018-06-30,"060670010",23,"California","Sacramento",-121.49311,38.56844,"N"
"172",2018-07-01,"060670010",22,"California","Sacramento",-121.49311,38.56844,"N"
"173",2018-07-02,"060670010",29,"California","Sacramento",-121.49311,38.56844,"N"
"174",2018-07-03,"060670010",41,"California","Sacramento",-121.49311,38.56844,"N"
"175",2018-07-04,"060670010",27,"California","Sacramento",-121.49311,38.56844,"N"
"176",2018-07-05,"060670010",22,"California","Sacramento",-121.49311,38.56844,"N"
"177",2018-07-06,"060670010",23,"California","Sacramento",-121.49311,38.56844,"N"
"178",2018-07-07,"060670010",18,"California","Sacramento",-121.49311,38.56844,"N"
"179",2018-07-08,"060670010",17,"California","Sacramento",-121.49311,38.56844,"N"
"180",2018-07-09,"060670010",23,"California","Sacramento",-121.49311,38.56844,"N"
"181",2018-07-10,"060670010",23,"California","Sacramento",-121.49311,38.56844,"N"
"182",2018-07-18,"060670010",24,"California","Sacramento",-121.49311,38.56844,"N"
"183",2018-07-19,"060670010",22,"California","Sacramento",-121.49311,38.56844,"N"
"184",2018-07-20,"060670010",27,"California","Sacramento",-121.49311,38.56844,"N"
"185",2018-07-21,"060670010",19,"California","Sacramento",-121.49311,38.56844,"N"
"186",2018-07-22,"060670010",18,"California","Sacramento",-121.49311,38.56844,"N"
"187",2018-07-23,"060670010",20,"California","Sacramento",-121.49311,38.56844,"N"
"188",2018-07-24,"060670010",25,"California","Sacramento",-121.49311,38.56844,"N"
"189",2018-07-25,"060670010",28,"California","Sacramento",-121.49311,38.56844,"N"
"190",2018-07-26,"060670010",26,"California","Sacramento",-121.49311,38.56844,"N"
"191",2018-07-27,"060670010",24,"California","Sacramento",-121.49311,38.56844,"N"
"192",2018-07-28,"060670010",25,"California","Sacramento",-121.49311,38.56844,"N"
"193",2018-07-29,"060670010",20,"California","Sacramento",-121.49311,38.56844,"N"
"194",2018-07-30,"060670010",29,"California","Sacramento",-121.49311,38.56844,"N"
"195",2018-07-31,"060670010",32,"California","Sacramento",-121.49311,38.56844,"N"
"196",2018-08-01,"060670010",31,"California","Sacramento",-121.49311,38.56844,"N"
"197",2018-08-02,"060670010",32,"California","Sacramento",-121.49311,38.56844,"N"
"198",2018-08-03,"060670010",41,"California","Sacramento",-121.49311,38.56844,"N"
"199",2018-08-04,"060670010",48,"California","Sacramento",-121.49311,38.56844,"N"
"200",2018-08-05,"060670010",29,"California","Sacramento",-121.49311,38.56844,"N"
"201",2018-08-06,"060670010",44,"California","Sacramento",-121.49311,38.56844,"N"
"202",2018-08-07,"060670010",33,"California","Sacramento",-121.49311,38.56844,"N"
"203",2018-08-08,"060670010",47,"California","Sacramento",-121.49311,38.56844,"N"
"204",2018-08-09,"060670010",51,"California","Sacramento",-121.49311,38.56844,"N"
"205",2018-08-10,"060670010",32,"California","Sacramento",-121.49311,38.56844,"N"
"206",2018-08-11,"060670010",20,"California","Sacramento",-121.49311,38.56844,"N"
"207",2018-08-12,"060670010",24,"California","Sacramento",-121.49311,38.56844,"N"
"208",2018-08-13,"060670010",35,"California","Sacramento",-121.49311,38.56844,"N"
"209",2018-08-14,"060670010",23,"California","Sacramento",-121.49311,38.56844,"N"
"210",2018-08-15,"060670010",25,"California","Sacramento",-121.49311,38.56844,"N"
"211",2018-08-16,"060670010",29,"California","Sacramento",-121.49311,38.56844,"N"
"212",2018-08-17,"060670010",24,"California","Sacramento",-121.49311,38.56844,"N"
"213",2018-08-18,"060670010",27,"California","Sacramento",-121.49311,38.56844,"N"
"214",2018-08-19,"060670010",26,"California","Sacramento",-121.49311,38.56844,"N"
"215",2018-08-20,"060670010",53,"California","Sacramento",-121.49311,38.56844,"N"
"216",2018-08-21,"060670010",22,"California","Sacramento",-121.49311,38.56844,"N"
"217",2018-08-22,"060670010",32,"California","Sacramento",-121.49311,38.56844,"N"
"218",2018-08-23,"060670010",36,"California","Sacramento",-121.49311,38.56844,"N"
"219",2018-08-24,"060670010",30,"California","Sacramento",-121.49311,38.56844,"N"
"220",2018-08-25,"060670010",32,"California","Sacramento",-121.49311,38.56844,"N"
"221",2018-08-26,"060670010",19,"California","Sacramento",-121.49311,38.56844,"N"
"222",2018-08-27,"060670010",25,"California","Sacramento",-121.49311,38.56844,"N"
"223",2018-08-28,"060670010",14,"California","Sacramento",-121.49311,38.56844,"N"
"224",2018-08-29,"060670010",19,"California","Sacramento",-121.49311,38.56844,"N"
"225",2018-08-30,"060670010",20,"California","Sacramento",-121.49311,38.56844,"N"
"226",2018-08-31,"060670010",23,"California","Sacramento",-121.49311,38.56844,"N"
"227",2018-09-01,"060670010",29,"California","Sacramento",-121.49311,38.56844,"N"
"228",2018-09-02,"060670010",32,"California","Sacramento",-121.49311,38.56844,"N"
"229",2018-09-03,"060670010",36,"California","Sacramento",-121.49311,38.56844,"N"
"230",2018-09-04,"060670010",32,"California","Sacramento",-121.49311,38.56844,"N"
"231",2018-09-05,"060670010",29,"California","Sacramento",-121.49311,38.56844,"N"
"232",2018-09-06,"060670010",25,"California","Sacramento",-121.49311,38.56844,"N"
"233",2018-09-07,"060670010",31,"California","Sacramento",-121.49311,38.56844,"N"
"234",2018-09-08,"060670010",24,"California","Sacramento",-121.49311,38.56844,"N"
"235",2018-09-09,"060670010",22,"California","Sacramento",-121.49311,38.56844,"N"
"236",2018-09-10,"060670010",31,"California","Sacramento",-121.49311,38.56844,"N"
"237",2018-09-11,"060670010",35,"California","Sacramento",-121.49311,38.56844,"N"
"238",2018-09-12,"060670010",24,"California","Sacramento",-121.49311,38.56844,"N"
"239",2018-09-13,"060670010",18,"California","Sacramento",-121.49311,38.56844,"N"
"240",2018-09-14,"060670010",18,"California","Sacramento",-121.49311,38.56844,"N"
"241",2018-09-15,"060670010",15,"California","Sacramento",-121.49311,38.56844,"N"
"242",2018-09-16,"060670010",9,"California","Sacramento",-121.49311,38.56844,"N"
"243",2018-09-17,"060670010",16,"California","Sacramento",-121.49311,38.56844,"N"
"244",2018-09-18,"060670010",25,"California","Sacramento",-121.49311,38.56844,"N"
"245",2018-09-19,"060670010",39,"California","Sacramento",-121.49311,38.56844,"N"
"246",2018-09-20,"060670010",49,"California","Sacramento",-121.49311,38.56844,"N"
"247",2018-09-21,"060670010",44,"California","Sacramento",-121.49311,38.56844,"N"
"248",2018-09-22,"060670010",21,"California","Sacramento",-121.49311,38.56844,"N"
"249",2018-09-23,"060670010",16,"California","Sacramento",-121.49311,38.56844,"N"
"250",2018-09-24,"060670010",33,"California","Sacramento",-121.49311,38.56844,"N"
"251",2018-09-25,"060670010",38,"California","Sacramento",-121.49311,38.56844,"N"
"252",2018-09-26,"060670010",47,"California","Sacramento",-121.49311,38.56844,"N"
"253",2018-09-27,"060670010",40,"California","Sacramento",-121.49311,38.56844,"N"
"254",2018-09-28,"060670010",26,"California","Sacramento",-121.49311,38.56844,"N"
"255",2018-09-29,"060670010",14,"California","Sacramento",-121.49311,38.56844,"N"
"256",2018-09-30,"060670010",11,"California","Sacramento",-121.49311,38.56844,"N"
"257",2018-10-01,"060670010",26,"California","Sacramento",-121.49311,38.56844,"N"
"258",2018-10-02,"060670010",21,"California","Sacramento",-121.49311,38.56844,"N"
"259",2018-10-03,"060670010",10,"California","Sacramento",-121.49311,38.56844,"N"
"260",2018-10-04,"060670010",8,"California","Sacramento",-121.49311,38.56844,"N"
"261",2018-10-05,"060670010",15,"California","Sacramento",-121.49311,38.56844,"N"
"262",2018-10-06,"060670010",15,"California","Sacramento",-121.49311,38.56844,"N"
"263",2018-10-07,"060670010",29,"California","Sacramento",-121.49311,38.56844,"N"
"264",2018-10-08,"060670010",25,"California","Sacramento",-121.49311,38.56844,"N"
"265",2018-10-09,"060670010",27,"California","Sacramento",-121.49311,38.56844,"N"
"266",2018-10-10,"060670010",21,"California","Sacramento",-121.49311,38.56844,"N"
"267",2018-10-11,"060670010",31,"California","Sacramento",-121.49311,38.56844,"N"
"268",2018-10-12,"060670010",30,"California","Sacramento",-121.49311,38.56844,"N"
"269",2018-10-13,"060670010",25,"California","Sacramento",-121.49311,38.56844,"N"
"270",2018-10-14,"060670010",39,"California","Sacramento",-121.49311,38.56844,"N"
"271",2018-10-15,"060670010",30,"California","Sacramento",-121.49311,38.56844,"N"
"272",2018-10-16,"060670010",46,"California","Sacramento",-121.49311,38.56844,"N"
"273",2018-10-17,"060670010",57,"California","Sacramento",-121.49311,38.56844,"N"
"274",2018-10-18,"060670010",43,"California","Sacramento",-121.49311,38.56844,"N"
"275",2018-10-19,"060670010",65,"California","Sacramento",-121.49311,38.56844,"N"
"276",2018-10-20,"060670010",44,"California","Sacramento",-121.49311,38.56844,"N"
"277",2018-10-21,"060670010",26,"California","Sacramento",-121.49311,38.56844,"N"
"278",2018-10-22,"060670010",29,"California","Sacramento",-121.49311,38.56844,"N"
"279",2018-10-23,"060670010",20,"California","Sacramento",-121.49311,38.56844,"N"
"280",2018-10-24,"060670010",35,"California","Sacramento",-121.49311,38.56844,"N"
"281",2018-10-25,"060670010",38,"California","Sacramento",-121.49311,38.56844,"N"
"282",2018-10-26,"060670010",41,"California","Sacramento",-121.49311,38.56844,"N"
"283",2018-10-27,"060670010",31,"California","Sacramento",-121.49311,38.56844,"N"
"284",2018-10-28,"060670010",7,"California","Sacramento",-121.49311,38.56844,"N"
"285",2018-10-29,"060670010",33,"California","Sacramento",-121.49311,38.56844,"N"
"286",2018-10-30,"060670010",41,"California","Sacramento",-121.49311,38.56844,"N"
"287",2018-10-31,"060670010",44,"California","Sacramento",-121.49311,38.56844,"N"
"288",2018-11-01,"060670010",49,"California","Sacramento",-121.49311,38.56844,"N"
"289",2018-11-02,"060670010",62,"California","Sacramento",-121.49311,38.56844,"N"
"290",2018-11-03,"060670010",38,"California","Sacramento",-121.49311,38.56844,"N"
"291",2018-11-04,"060670010",33,"California","Sacramento",-121.49311,38.56844,"N"
"292",2018-11-05,"060670010",29,"California","Sacramento",-121.49311,38.56844,"N"
"293",2018-11-06,"060670010",35,"California","Sacramento",-121.49311,38.56844,"N"
"294",2018-11-07,"060670010",43,"California","Sacramento",-121.49311,38.56844,"N"
"295",2018-11-08,"060670010",94,"California","Sacramento",-121.49311,38.56844,"N"
"296",2018-11-09,"060670010",83,"California","Sacramento",-121.49311,38.56844,"N"
"297",2018-11-10,"060670010",189,"California","Sacramento",-121.49311,38.56844,"Y"
"298",2018-11-11,"060670010",176,"California","Sacramento",-121.49311,38.56844,"Y"
"299",2018-11-12,"060670010",183,"California","Sacramento",-121.49311,38.56844,"Y"
"300",2018-11-13,"060670010",147,"California","Sacramento",-121.49311,38.56844,"N"
"301",2018-11-14,"060670010",181,"California","Sacramento",-121.49311,38.56844,"Y"
"302",2018-11-15,"060670010",292,"California","Sacramento",-121.49311,38.56844,"Y"
"303",2018-11-16,"060670010",252,"California","Sacramento",-121.49311,38.56844,"Y"
"304",2018-11-17,"060670010",145,"California","Sacramento",-121.49311,38.56844,"N"
"305",2018-11-18,"060670010",134,"California","Sacramento",-121.49311,38.56844,"N"
"306",2018-11-19,"060670010",130,"California","Sacramento",-121.49311,38.56844,"N"
"307",2018-11-20,"060670010",108,"California","Sacramento",-121.49311,38.56844,"N"
"308",2018-11-21,"060670010",52,"California","Sacramento",-121.49311,38.56844,"N"
"309",2018-11-22,"060670010",7,"California","Sacramento",-121.49311,38.56844,"N"
"310",2018-11-23,"060670010",4,"California","Sacramento",-121.49311,38.56844,"N"
"311",2018-11-24,"060670010",8,"California","Sacramento",-121.49311,38.56844,"N"
"312",2018-11-25,"060670010",10,"California","Sacramento",-121.49311,38.56844,"N"
"313",2018-11-26,"060670010",20,"California","Sacramento",-121.49311,38.56844,"N"
"314",2018-11-27,"060670010",21,"California","Sacramento",-121.49311,38.56844,"N"
"315",2018-11-28,"060670010",10,"California","Sacramento",-121.49311,38.56844,"N"
"316",2018-11-29,"060670010",4,"California","Sacramento",-121.49311,38.56844,"N"
"317",2018-11-30,"060670010",12,"California","Sacramento",-121.49311,38.56844,"N"
"318",2018-12-01,"060670010",8,"California","Sacramento",-121.49311,38.56844,"N"
"319",2018-12-02,"060670010",6,"California","Sacramento",-121.49311,38.56844,"N"
"320",2018-12-03,"060670010",10,"California","Sacramento",-121.49311,38.56844,"N"
"321",2018-12-04,"060670010",15,"California","Sacramento",-121.49311,38.56844,"N"
"322",2018-12-05,"060670010",9,"California","Sacramento",-121.49311,38.56844,"N"
"323",2018-12-06,"060670010",9,"California","Sacramento",-121.49311,38.56844,"N"
"324",2018-12-07,"060670010",26,"California","Sacramento",-121.49311,38.56844,"N"
"325",2018-12-08,"060670010",23,"California","Sacramento",-121.49311,38.56844,"N"
"326",2018-12-09,"060670010",24,"California","Sacramento",-121.49311,38.56844,"N"
"327",2018-12-10,"060670010",20,"California","Sacramento",-121.49311,38.56844,"N"
"328",2018-12-11,"060670010",24,"California","Sacramento",-121.49311,38.56844,"N"
"329",2018-12-12,"060670010",19,"California","Sacramento",-121.49311,38.56844,"N"
"330",2018-12-13,"060670010",34,"California","Sacramento",-121.49311,38.56844,"N"
"331",2018-12-14,"060670010",35,"California","Sacramento",-121.49311,38.56844,"N"
"332",2018-12-15,"060670010",22,"California","Sacramento",-121.49311,38.56844,"N"
"333",2018-12-16,"060670010",18,"California","Sacramento",-121.49311,38.56844,"N"
"334",2018-12-17,"060670010",9,"California","Sacramento",-121.49311,38.56844,"N"
"335",2018-12-18,"060670010",16,"California","Sacramento",-121.49311,38.56844,"N"
"336",2018-12-19,"060670010",13,"California","Sacramento",-121.49311,38.56844,"N"
"337",2018-12-20,"060670010",17,"California","Sacramento",-121.49311,38.56844,"N"
"338",2018-12-21,"060670010",10,"California","Sacramento",-121.49311,38.56844,"N"
"339",2018-12-22,"060670010",8,"California","Sacramento",-121.49311,38.56844,"N"
"340",2018-12-23,"060670010",10,"California","Sacramento",-121.49311,38.56844,"N"
"341",2018-12-24,"060670010",20,"California","Sacramento",-121.49311,38.56844,"N"
"342",2018-12-25,"060670010",3,"California","Sacramento",-121.49311,38.56844,"N"
"343",2018-12-26,"060670010",7,"California","Sacramento",-121.49311,38.56844,"N"
"344",2018-12-27,"060670010",6,"California","Sacramento",-121.49311,38.56844,"N"
"345",2018-12-28,"060670010",2,"California","Sacramento",-121.49311,38.56844,"N"
"346",2018-12-29,"060670010",20,"California","Sacramento",-121.49311,38.56844,"N"
"347",2018-12-30,"060670010",26,"California","Sacramento",-121.49311,38.56844,"N"
"348",2018-12-31,"060670010",7,"California","Sacramento",-121.49311,38.56844,"N"
"349",2019-01-01,"060670010",6,"California","Sacramento",-121.49311,38.56844,"N"
"350",2019-01-02,"060670010",35,"California","Sacramento",-121.49311,38.56844,"N"
"351",2019-01-03,"060670010",33,"California","Sacramento",-121.49311,38.56844,"N"
"352",2019-01-04,"060670010",48,"California","Sacramento",-121.49311,38.56844,"N"
"353",2019-01-05,"060670010",23,"California","Sacramento",-121.49311,38.56844,"N"
"354",2019-01-06,"060670010",5,"California","Sacramento",-121.49311,38.56844,"N"
"355",2019-01-07,"060670010",6,"California","Sacramento",-121.49311,38.56844,"N"
"356",2019-01-08,"060670010",13,"California","Sacramento",-121.49311,38.56844,"N"
"357",2019-01-09,"060670010",8,"California","Sacramento",-121.49311,38.56844,"N"
"358",2019-01-10,"060670010",13,"California","Sacramento",-121.49311,38.56844,"N"
"359",2019-01-11,"060670010",9,"California","Sacramento",-121.49311,38.56844,"N"
"360",2019-01-12,"060670010",13,"California","Sacramento",-121.49311,38.56844,"N"
"361",2019-01-13,"060670010",13,"California","Sacramento",-121.49311,38.56844,"N"
"362",2019-01-14,"060670010",14,"California","Sacramento",-121.49311,38.56844,"N"
"363",2019-01-15,"060670010",5,"California","Sacramento",-121.49311,38.56844,"N"
"364",2019-01-16,"060670010",4,"California","Sacramento",-121.49311,38.56844,"N"
"365",2019-01-17,"060670010",16,"California","Sacramento",-121.49311,38.56844,"N"
"366",2019-01-18,"060670010",19,"California","Sacramento",-121.49311,38.56844,"N"
"367",2019-01-19,"060670010",16,"California","Sacramento",-121.49311,38.56844,"N"
"368",2019-01-20,"060670010",7,"California","Sacramento",-121.49311,38.56844,"N"
"369",2019-01-21,"060670010",5,"California","Sacramento",-121.49311,38.56844,"N"
"370",2019-01-22,"060670010",5,"California","Sacramento",-121.49311,38.56844,"N"
"371",2019-01-23,"060670010",12,"California","Sacramento",-121.49311,38.56844,"N"
"372",2019-01-24,"060670010",26,"California","Sacramento",-121.49311,38.56844,"N"
"373",2019-01-25,"060670010",23,"California","Sacramento",-121.49311,38.56844,"N"
"374",2019-01-26,"060670010",27,"California","Sacramento",-121.49311,38.56844,"N"
"375",2019-01-27,"060670010",28,"California","Sacramento",-121.49311,38.56844,"N"
"376",2019-01-28,"060670010",32,"California","Sacramento",-121.49311,38.56844,"N"
"377",2019-01-29,"060670010",39,"California","Sacramento",-121.49311,38.56844,"N"
"378",2019-01-30,"060670010",38,"California","Sacramento",-121.49311,38.56844,"N"
"379",2019-01-31,"060670010",37,"California","Sacramento",-121.49311,38.56844,"N"
"380",2019-02-01,"060670010",15,"California","Sacramento",-121.49311,38.56844,"N"
"381",2019-02-02,"060670010",2,"California","Sacramento",-121.49311,38.56844,"N"
"382",2019-02-03,"060670010",4,"California","Sacramento",-121.49311,38.56844,"N"
"383",2019-02-04,"060670010",1,"California","Sacramento",-121.49311,38.56844,"N"
"384",2019-02-05,"060670010",4,"California","Sacramento",-121.49311,38.56844,"N"
"385",2019-02-06,"060670010",10,"California","Sacramento",-121.49311,38.56844,"N"
"386",2019-02-07,"060670010",18,"California","Sacramento",-121.49311,38.56844,"N"
"387",2019-02-08,"060670010",15,"California","Sacramento",-121.49311,38.56844,"N"
"388",2019-02-09,"060670010",5,"California","Sacramento",-121.49311,38.56844,"N"
"389",2019-02-10,"060670010",3,"California","Sacramento",-121.49311,38.56844,"N"
"390",2019-02-11,"060670010",8,"California","Sacramento",-121.49311,38.56844,"N"
"391",2019-02-12,"060670010",13,"California","Sacramento",-121.49311,38.56844,"N"
"392",2019-02-13,"060670010",6,"California","Sacramento",-121.49311,38.56844,"N"
"393",2019-02-14,"060670010",5,"California","Sacramento",-121.49311,38.56844,"N"
"394",2019-02-15,"060670010",4,"California","Sacramento",-121.49311,38.56844,"N"
"395",2019-02-16,"060670010",3,"California","Sacramento",-121.49311,38.56844,"N"
"396",2019-02-17,"060670010",2,"California","Sacramento",-121.49311,38.56844,"N"
"397",2019-02-18,"060670010",2,"California","Sacramento",-121.49311,38.56844,"N"
"398",2019-02-19,"060670010",4,"California","Sacramento",-121.49311,38.56844,"N"
"399",2019-02-20,"060670010",9,"California","Sacramento",-121.49311,38.56844,"N"
"400",2019-02-21,"060670010",2,"California","Sacramento",-121.49311,38.56844,"N"
"401",2019-02-22,"060670010",8,"California","Sacramento",-121.49311,38.56844,"N"
"402",2019-02-23,"060670010",14,"California","Sacramento",-121.49311,38.56844,"N"
"403",2019-02-24,"060670010",12,"California","Sacramento",-121.49311,38.56844,"N"
"404",2019-02-25,"060670010",12,"California","Sacramento",-121.49311,38.56844,"N"
"405",2019-02-26,"060670010",6,"California","Sacramento",-121.49311,38.56844,"N"
"406",2019-02-27,"060670010",5,"California","Sacramento",-121.49311,38.56844,"N"
"407",2019-02-28,"060670010",8,"California","Sacramento",-121.49311,38.56844,"N"
"408",2019-03-01,"060670010",12,"California","Sacramento",-121.49311,38.56844,"N"
"409",2019-03-02,"060670010",4,"California","Sacramento",-121.49311,38.56844,"N"
"410",2019-03-03,"060670010",7,"California","Sacramento",-121.49311,38.56844,"N"
"411",2019-03-04,"060670010",9,"California","Sacramento",-121.49311,38.56844,"N"
"412",2019-03-05,"060670010",9,"California","Sacramento",-121.49311,38.56844,"N"
"413",2019-03-06,"060670010",3,"California","Sacramento",-121.49311,38.56844,"N"
"414",2019-03-07,"060670010",4,"California","Sacramento",-121.49311,38.56844,"N"
"415",2019-03-08,"060670010",8,"California","Sacramento",-121.49311,38.56844,"N"
"416",2019-03-09,"060670010",5,"California","Sacramento",-121.49311,38.56844,"N"
"417",2019-03-10,"060670010",2,"California","Sacramento",-121.49311,38.56844,"N"
"418",2019-03-11,"060670010",4,"California","Sacramento",-121.49311,38.56844,"N"
"419",2019-03-12,"060670010",8,"California","Sacramento",-121.49311,38.56844,"N"
"420",2019-03-13,"060670010",4,"California","Sacramento",-121.49311,38.56844,"N"
"421",2019-03-14,"060670010",7,"California","Sacramento",-121.49311,38.56844,"N"
"422",2019-03-15,"060670010",13,"California","Sacramento",-121.49311,38.56844,"N"
"423",2019-03-16,"060670010",17,"California","Sacramento",-121.49311,38.56844,"N"
"424",2019-03-17,"060670010",16,"California","Sacramento",-121.49311,38.56844,"N"
"425",2019-03-18,"060670010",22,"California","Sacramento",-121.49311,38.56844,"N"
"426",2019-03-19,"060670010",29,"California","Sacramento",-121.49311,38.56844,"N"
"427",2019-03-20,"060670010",8,"California","Sacramento",-121.49311,38.56844,"N"
"428",2019-03-21,"060670010",8,"California","Sacramento",-121.49311,38.56844,"N"
"429",2019-03-22,"060670010",15,"California","Sacramento",-121.49311,38.56844,"N"
"430",2019-03-23,"060670010",7,"California","Sacramento",-121.49311,38.56844,"N"
"431",2019-03-24,"060670010",10,"California","Sacramento",-121.49311,38.56844,"N"
"432",2019-03-25,"060670010",16,"California","Sacramento",-121.49311,38.56844,"N"
"433",2019-03-26,"060670010",5,"California","Sacramento",-121.49311,38.56844,"N"
"434",2019-03-27,"060670010",7,"California","Sacramento",-121.49311,38.56844,"N"
"435",2019-03-28,"060670010",11,"California","Sacramento",-121.49311,38.56844,"N"
"436",2019-03-29,"060670010",10,"California","Sacramento",-121.49311,38.56844,"N"
"437",2019-03-30,"060670010",5,"California","Sacramento",-121.49311,38.56844,"N"
"438",2019-03-31,"060670010",9,"California","Sacramento",-121.49311,38.56844,"N"
"439",2019-04-01,"060670010",17,"California","Sacramento",-121.49311,38.56844,"N"
"440",2019-04-02,"060670010",5,"California","Sacramento",-121.49311,38.56844,"N"
"441",2019-04-03,"060670010",5,"California","Sacramento",-121.49311,38.56844,"N"
"442",2019-04-04,"060670010",3,"California","Sacramento",-121.49311,38.56844,"N"
"443",2019-04-05,"060670010",8,"California","Sacramento",-121.49311,38.56844,"N"
"444",2019-04-06,"060670010",8,"California","Sacramento",-121.49311,38.56844,"N"
"445",2019-04-07,"060670010",9,"California","Sacramento",-121.49311,38.56844,"N"
"446",2019-04-08,"060670010",10,"California","Sacramento",-121.49311,38.56844,"N"
"447",2019-04-09,"060670010",7,"California","Sacramento",-121.49311,38.56844,"N"
"448",2019-04-10,"060670010",6,"California","Sacramento",-121.49311,38.56844,"N"
"449",2019-04-11,"060670010",8,"California","Sacramento",-121.49311,38.56844,"N"
"450",2019-04-12,"060670010",7,"California","Sacramento",-121.49311,38.56844,"N"
"451",2019-04-13,"060670010",10,"California","Sacramento",-121.49311,38.56844,"N"
"452",2019-04-14,"060670010",13,"California","Sacramento",-121.49311,38.56844,"N"
"453",2019-04-15,"060670010",11,"California","Sacramento",-121.49311,38.56844,"N"
"454",2019-04-16,"060670010",7,"California","Sacramento",-121.49311,38.56844,"N"
"455",2019-04-17,"060670010",11,"California","Sacramento",-121.49311,38.56844,"N"
"456",2019-04-18,"060670010",19,"California","Sacramento",-121.49311,38.56844,"N"
"457",2019-04-19,"060670010",21,"California","Sacramento",-121.49311,38.56844,"N"
"458",2019-04-20,"060670010",16,"California","Sacramento",-121.49311,38.56844,"N"
"459",2019-04-21,"060670010",11,"California","Sacramento",-121.49311,38.56844,"N"
"460",2019-04-22,"060670010",17,"California","Sacramento",-121.49311,38.56844,"N"
"461",2019-04-23,"060670010",24,"California","Sacramento",-121.49311,38.56844,"N"
"462",2019-04-24,"060670010",26,"California","Sacramento",-121.49311,38.56844,"N"
"463",2019-04-25,"060670010",23,"California","Sacramento",-121.49311,38.56844,"N"
"464",2019-04-26,"060670010",28,"California","Sacramento",-121.49311,38.56844,"N"
"465",2019-04-27,"060670010",31,"California","Sacramento",-121.49311,38.56844,"N"
"466",2019-04-28,"060670010",29,"California","Sacramento",-121.49311,38.56844,"N"
"467",2019-04-29,"060670010",28,"California","Sacramento",-121.49311,38.56844,"N"
"468",2019-04-30,"060670010",30,"California","Sacramento",-121.49311,38.56844,"N"
"469",2019-05-01,"060670010",23,"California","Sacramento",-121.49311,38.56844,"N"
"470",2019-05-02,"060670010",20,"California","Sacramento",-121.49311,38.56844,"N"
"471",2019-05-03,"060670010",24,"California","Sacramento",-121.49311,38.56844,"N"
"472",2019-05-04,"060670010",18,"California","Sacramento",-121.49311,38.56844,"N"
"473",2019-05-05,"060670010",15,"California","Sacramento",-121.49311,38.56844,"N"
"474",2019-05-06,"060670010",8,"California","Sacramento",-121.49311,38.56844,"N"
"475",2019-05-07,"060670010",11,"California","Sacramento",-121.49311,38.56844,"N"
"476",2019-05-08,"060670010",17,"California","Sacramento",-121.49311,38.56844,"N"
"477",2019-05-09,"060670010",15,"California","Sacramento",-121.49311,38.56844,"N"
"478",2019-05-10,"060670010",27,"California","Sacramento",-121.49311,38.56844,"N"
"479",2019-05-11,"060670010",18,"California","Sacramento",-121.49311,38.56844,"N"
"480",2019-05-12,"060670010",12,"California","Sacramento",-121.49311,38.56844,"N"
"481",2019-05-13,"060670010",14,"California","Sacramento",-121.49311,38.56844,"N"
"482",2019-05-14,"060670010",9,"California","Sacramento",-121.49311,38.56844,"N"
"483",2019-05-15,"060670010",8,"California","Sacramento",-121.49311,38.56844,"N"
"484",2019-05-16,"060670010",8,"California","Sacramento",-121.49311,38.56844,"N"
"485",2019-05-17,"060670010",10,"California","Sacramento",-121.49311,38.56844,"N"
"486",2019-05-18,"060670010",7,"California","Sacramento",-121.49311,38.56844,"N"
"487",2019-05-19,"060670010",3,"California","Sacramento",-121.49311,38.56844,"N"
"488",2019-05-20,"060670010",8,"California","Sacramento",-121.49311,38.56844,"N"
"489",2019-05-21,"060670010",6,"California","Sacramento",-121.49311,38.56844,"N"
"490",2019-05-22,"060670010",4,"California","Sacramento",-121.49311,38.56844,"N"
"491",2019-05-23,"060670010",12,"California","Sacramento",-121.49311,38.56844,"N"
"492",2019-05-24,"060670010",11,"California","Sacramento",-121.49311,38.56844,"N"
"493",2019-05-25,"060670010",13,"California","Sacramento",-121.49311,38.56844,"N"
"494",2019-05-26,"060670010",8,"California","Sacramento",-121.49311,38.56844,"N"
"495",2019-05-27,"060670010",10,"California","Sacramento",-121.49311,38.56844,"N"
"496",2019-05-28,"060670010",11,"California","Sacramento",-121.49311,38.56844,"N"
"497",2019-05-29,"060670010",20,"California","Sacramento",-121.49311,38.56844,"N"
"498",2019-05-30,"060670010",12,"California","Sacramento",-121.49311,38.56844,"N"
"499",2019-05-31,"060670010",13,"California","Sacramento",-121.49311,38.56844,"N"
"500",2019-06-01,"060670010",16,"California","Sacramento",-121.49311,38.56844,"N"
"501",2019-06-02,"060670010",8,"California","Sacramento",-121.49311,38.56844,"N"
"502",2019-06-03,"060670010",13,"California","Sacramento",-121.49311,38.56844,"N"
"503",2019-06-04,"060670010",23,"California","Sacramento",-121.49311,38.56844,"N"
"504",2019-06-05,"060670010",26,"California","Sacramento",-121.49311,38.56844,"N"
"505",2019-06-06,"060670010",19,"California","Sacramento",-121.49311,38.56844,"N"
"506",2019-06-07,"060670010",14,"California","Sacramento",-121.49311,38.56844,"N"
"507",2019-06-08,"060670010",25,"California","Sacramento",-121.49311,38.56844,"N"
"508",2019-06-09,"060670010",14,"California","Sacramento",-121.49311,38.56844,"N"
"509",2019-06-10,"060670010",24,"California","Sacramento",-121.49311,38.56844,"N"
"510",2019-06-11,"060670010",24,"California","Sacramento",-121.49311,38.56844,"N"
"511",2019-06-12,"060670010",29,"California","Sacramento",-121.49311,38.56844,"N"
"512",2019-06-13,"060670010",19,"California","Sacramento",-121.49311,38.56844,"N"
"513",2019-06-14,"060670010",14,"California","Sacramento",-121.49311,38.56844,"N"
"514",2019-06-15,"060670010",13,"California","Sacramento",-121.49311,38.56844,"N"
"515",2019-06-16,"060670010",11,"California","Sacramento",-121.49311,38.56844,"N"
"516",2019-06-17,"060670010",21,"California","Sacramento",-121.49311,38.56844,"N"
"517",2019-06-18,"060670010",27,"California","Sacramento",-121.49311,38.56844,"N"
"518",2019-06-19,"060670010",16,"California","Sacramento",-121.49311,38.56844,"N"
"519",2019-06-25,"060670010",23,"California","Sacramento",-121.49311,38.56844,"N"
"520",2019-06-26,"060670010",15,"California","Sacramento",-121.49311,38.56844,"N"
"521",2019-06-27,"060670010",11,"California","Sacramento",-121.49311,38.56844,"N"
"522",2019-06-28,"060670010",14,"California","Sacramento",-121.49311,38.56844,"N"
"523",2019-06-29,"060670010",13,"California","Sacramento",-121.49311,38.56844,"N"
"524",2019-06-30,"060670010",14,"California","Sacramento",-121.49311,38.56844,"N"
"525",2019-07-01,"060670010",19,"California","Sacramento",-121.49311,38.56844,"N"
"526",2019-07-02,"060670010",24,"California","Sacramento",-121.49311,38.56844,"N"
"527",2019-07-03,"060670010",22,"California","Sacramento",-121.49311,38.56844,"N"
"528",2019-07-04,"060670010",23,"California","Sacramento",-121.49311,38.56844,"N"
"529",2019-07-05,"060670010",18,"California","Sacramento",-121.49311,38.56844,"N"
"530",2019-07-06,"060670010",23,"California","Sacramento",-121.49311,38.56844,"N"
"531",2019-07-07,"060670010",20,"California","Sacramento",-121.49311,38.56844,"N"
"532",2019-07-08,"060670010",17,"California","Sacramento",-121.49311,38.56844,"N"
"533",2019-07-09,"060670010",13,"California","Sacramento",-121.49311,38.56844,"N"
"534",2019-07-10,"060670010",10,"California","Sacramento",-121.49311,38.56844,"N"
"535",2019-07-11,"060670010",11,"California","Sacramento",-121.49311,38.56844,"N"
"536",2019-07-12,"060670010",13,"California","Sacramento",-121.49311,38.56844,"N"
"537",2019-07-13,"060670010",13,"California","Sacramento",-121.49311,38.56844,"N"
"538",2019-07-14,"060670010",12,"California","Sacramento",-121.49311,38.56844,"N"
"539",2019-07-15,"060670010",18,"California","Sacramento",-121.49311,38.56844,"N"
"540",2019-07-16,"060670010",15,"California","Sacramento",-121.49311,38.56844,"N"
"541",2019-07-17,"060670010",21,"California","Sacramento",-121.49311,38.56844,"N"
"542",2019-07-18,"060670010",14,"California","Sacramento",-121.49311,38.56844,"N"
"543",2019-07-19,"060670010",17,"California","Sacramento",-121.49311,38.56844,"N"
"544",2019-07-20,"060670010",12,"California","Sacramento",-121.49311,38.56844,"N"
"545",2019-07-21,"060670010",11,"California","Sacramento",-121.49311,38.56844,"N"
"546",2019-07-22,"060670010",18,"California","Sacramento",-121.49311,38.56844,"N"
"547",2019-07-23,"060670010",16,"California","Sacramento",-121.49311,38.56844,"N"
"548",2019-07-24,"060670010",20,"California","Sacramento",-121.49311,38.56844,"N"
"549",2019-07-25,"060670010",22,"California","Sacramento",-121.49311,38.56844,"N"
"550",2019-07-26,"060670010",12,"California","Sacramento",-121.49311,38.56844,"N"
"551",2019-07-27,"060670010",22,"California","Sacramento",-121.49311,38.56844,"N"
"552",2019-07-28,"060670010",22,"California","Sacramento",-121.49311,38.56844,"N"
"553",2019-07-29,"060670010",31,"California","Sacramento",-121.49311,38.56844,"N"
"554",2019-07-30,"060670010",21,"California","Sacramento",-121.49311,38.56844,"N"
"555",2019-07-31,"060670010",24,"California","Sacramento",-121.49311,38.56844,"N"
"556",2019-08-01,"060670010",15,"California","Sacramento",-121.49311,38.56844,"N"
"557",2019-08-02,"060670010",16,"California","Sacramento",-121.49311,38.56844,"N"
"558",2019-08-03,"060670010",12,"California","Sacramento",-121.49311,38.56844,"N"
"559",2019-08-04,"060670010",8,"California","Sacramento",-121.49311,38.56844,"N"
"560",2019-08-05,"060670010",19,"California","Sacramento",-121.49311,38.56844,"N"
"561",2019-08-06,"060670010",20,"California","Sacramento",-121.49311,38.56844,"N"
"562",2019-08-07,"060670010",22,"California","Sacramento",-121.49311,38.56844,"N"
"563",2019-08-08,"060670010",16,"California","Sacramento",-121.49311,38.56844,"N"
"564",2019-08-09,"060670010",13,"California","Sacramento",-121.49311,38.56844,"N"
"565",2019-08-10,"060670010",8,"California","Sacramento",-121.49311,38.56844,"N"
"566",2019-08-11,"060670010",11,"California","Sacramento",-121.49311,38.56844,"N"
"567",2019-08-12,"060670010",17,"California","Sacramento",-121.49311,38.56844,"N"
"568",2019-08-13,"060670010",22,"California","Sacramento",-121.49311,38.56844,"N"
"569",2019-08-14,"060670010",27,"California","Sacramento",-121.49311,38.56844,"N"
"570",2019-08-15,"060670010",28,"California","Sacramento",-121.49311,38.56844,"N"
"571",2019-08-16,"060670010",30,"California","Sacramento",-121.49311,38.56844,"N"
"572",2019-08-17,"060670010",26,"California","Sacramento",-121.49311,38.56844,"N"
"573",2019-08-18,"060670010",14,"California","Sacramento",-121.49311,38.56844,"N"
"574",2019-08-19,"060670010",13,"California","Sacramento",-121.49311,38.56844,"N"
"575",2019-08-20,"060670010",13,"California","Sacramento",-121.49311,38.56844,"N"
"576",2019-08-21,"060670010",20,"California","Sacramento",-121.49311,38.56844,"N"
"577",2019-08-22,"060670010",21,"California","Sacramento",-121.49311,38.56844,"N"
"578",2019-08-23,"060670010",23,"California","Sacramento",-121.49311,38.56844,"N"
"579",2019-08-24,"060670010",18,"California","Sacramento",-121.49311,38.56844,"N"
"580",2019-08-25,"060670010",16,"California","Sacramento",-121.49311,38.56844,"N"
"581",2019-08-26,"060670010",24,"California","Sacramento",-121.49311,38.56844,"N"
"582",2019-08-27,"060670010",19,"California","Sacramento",-121.49311,38.56844,"N"
"583",2019-08-28,"060670010",20,"California","Sacramento",-121.49311,38.56844,"N"
"584",2019-08-29,"060670010",21,"California","Sacramento",-121.49311,38.56844,"N"
"585",2019-08-30,"060670010",22,"California","Sacramento",-121.49311,38.56844,"N"
"586",2019-08-31,"060670010",19,"California","Sacramento",-121.49311,38.56844,"N"
"587",2019-09-01,"060670010",12,"California","Sacramento",-121.49311,38.56844,"N"
"588",2019-09-02,"060670010",18,"California","Sacramento",-121.49311,38.56844,"N"
"589",2019-09-03,"060670010",18,"California","Sacramento",-121.49311,38.56844,"N"
"590",2019-09-04,"060670010",23,"California","Sacramento",-121.49311,38.56844,"N"
"591",2019-09-05,"060670010",13,"California","Sacramento",-121.49311,38.56844,"N"
"592",2019-09-06,"060670010",12,"California","Sacramento",-121.49311,38.56844,"N"
"593",2019-09-07,"060670010",15,"California","Sacramento",-121.49311,38.56844,"N"
"594",2019-09-08,"060670010",11,"California","Sacramento",-121.49311,38.56844,"N"
"595",2019-09-09,"060670010",16,"California","Sacramento",-121.49311,38.56844,"N"
"596",2019-09-10,"060670010",17,"California","Sacramento",-121.49311,38.56844,"N"
"597",2019-09-11,"060670010",26,"California","Sacramento",-121.49311,38.56844,"N"
"598",2019-09-12,"060670010",36,"California","Sacramento",-121.49311,38.56844,"N"
"599",2019-09-13,"060670010",40,"California","Sacramento",-121.49311,38.56844,"N"
"600",2019-09-14,"060670010",25,"California","Sacramento",-121.49311,38.56844,"N"
"601",2019-09-15,"060670010",16,"California","Sacramento",-121.49311,38.56844,"N"
"602",2019-09-16,"060670010",9,"California","Sacramento",-121.49311,38.56844,"N"
"603",2019-09-17,"060670010",13,"California","Sacramento",-121.49311,38.56844,"N"
"604",2019-09-18,"060670010",11,"California","Sacramento",-121.49311,38.56844,"N"
"605",2019-09-19,"060670010",13,"California","Sacramento",-121.49311,38.56844,"N"
"606",2019-09-20,"060670010",19,"California","Sacramento",-121.49311,38.56844,"N"
"607",2019-09-21,"060670010",17,"California","Sacramento",-121.49311,38.56844,"N"
"608",2019-09-22,"060670010",14,"California","Sacramento",-121.49311,38.56844,"N"
"609",2019-09-23,"060670010",24,"California","Sacramento",-121.49311,38.56844,"N"
"610",2019-09-24,"060670010",31,"California","Sacramento",-121.49311,38.56844,"N"
"611",2019-09-25,"060670010",31,"California","Sacramento",-121.49311,38.56844,"N"
"612",2019-09-26,"060670010",37,"California","Sacramento",-121.49311,38.56844,"N"
"613",2019-09-27,"060670010",10,"California","Sacramento",-121.49311,38.56844,"N"
"614",2019-09-28,"060670010",14,"California","Sacramento",-121.49311,38.56844,"N"
"615",2019-09-29,"060670010",11,"California","Sacramento",-121.49311,38.56844,"N"
"616",2019-09-30,"060670010",11,"California","Sacramento",-121.49311,38.56844,"N"
"617",2019-10-01,"060670010",17,"California","Sacramento",-121.49311,38.56844,"N"
"618",2019-10-02,"060670010",20,"California","Sacramento",-121.49311,38.56844,"N"
"619",2019-10-03,"060670010",17,"California","Sacramento",-121.49311,38.56844,"N"
"620",2019-10-04,"060670010",25,"California","Sacramento",-121.49311,38.56844,"N"
"621",2019-10-05,"060670010",28,"California","Sacramento",-121.49311,38.56844,"N"
"622",2019-10-06,"060670010",29,"California","Sacramento",-121.49311,38.56844,"N"
"623",2019-10-07,"060670010",34,"California","Sacramento",-121.49311,38.56844,"N"
"624",2019-10-08,"060670010",30,"California","Sacramento",-121.49311,38.56844,"N"
"625",2019-10-09,"060670010",90,"California","Sacramento",-121.49311,38.56844,"N"
"626",2019-10-10,"060670010",45,"California","Sacramento",-121.49311,38.56844,"N"
"627",2019-10-11,"060670010",54,"California","Sacramento",-121.49311,38.56844,"N"
"628",2019-10-12,"060670010",52,"California","Sacramento",-121.49311,38.56844,"N"
"629",2019-10-13,"060670010",39,"California","Sacramento",-121.49311,38.56844,"N"
"630",2019-10-14,"060670010",42,"California","Sacramento",-121.49311,38.56844,"N"
"631",2019-10-15,"060670010",44,"California","Sacramento",-121.49311,38.56844,"N"
"632",2019-10-16,"060670010",28,"California","Sacramento",-121.49311,38.56844,"N"
"633",2019-10-17,"060670010",19,"California","Sacramento",-121.49311,38.56844,"N"
"634",2019-10-18,"060670010",17,"California","Sacramento",-121.49311,38.56844,"N"
"635",2019-10-19,"060670010",18,"California","Sacramento",-121.49311,38.56844,"N"
"636",2019-10-20,"060670010",28,"California","Sacramento",-121.49311,38.56844,"N"
"637",2019-10-21,"060670010",43,"California","Sacramento",-121.49311,38.56844,"N"
"638",2019-10-22,"060670010",50,"California","Sacramento",-121.49311,38.56844,"N"
"639",2019-10-23,"060670010",47,"California","Sacramento",-121.49311,38.56844,"N"
"640",2019-10-24,"060670010",38,"California","Sacramento",-121.49311,38.56844,"N"
"641",2019-10-25,"060670010",53,"California","Sacramento",-121.49311,38.56844,"N"
"642",2019-10-26,"060670010",82,"California","Sacramento",-121.49311,38.56844,"N"
"643",2019-10-27,"060670010",174,"California","Sacramento",-121.49311,38.56844,"N"
"644",2019-10-28,"060670010",24,"California","Sacramento",-121.49311,38.56844,"N"
"645",2019-10-29,"060670010",50,"California","Sacramento",-121.49311,38.56844,"N"
"646",2019-10-30,"060670010",41,"California","Sacramento",-121.49311,38.56844,"N"
"647",2019-10-31,"060670010",53,"California","Sacramento",-121.49311,38.56844,"N"
"648",2019-11-01,"060670010",59,"California","Sacramento",-121.49311,38.56844,"N"
"649",2019-11-02,"060670010",57,"California","Sacramento",-121.49311,38.56844,"N"
"650",2019-11-03,"060670010",40,"California","Sacramento",-121.49311,38.56844,"N"
"651",2019-11-05,"060670010",65,"California","Sacramento",-121.49311,38.56844,"N"
"652",2019-11-06,"060670010",52,"California","Sacramento",-121.49311,38.56844,"N"
"653",2019-11-07,"060670010",56,"California","Sacramento",-121.49311,38.56844,"N"
"654",2019-11-08,"060670010",61,"California","Sacramento",-121.49311,38.56844,"N"
"655",2019-11-09,"060670010",43,"California","Sacramento",-121.49311,38.56844,"N"
"656",2019-11-10,"060670010",37,"California","Sacramento",-121.49311,38.56844,"N"
"657",2019-11-11,"060670010",49,"California","Sacramento",-121.49311,38.56844,"N"
"658",2019-11-12,"060670010",55,"California","Sacramento",-121.49311,38.56844,"N"
"659",2019-11-13,"060670010",63,"California","Sacramento",-121.49311,38.56844,"N"
"660",2019-11-14,"060670010",21,"California","Sacramento",-121.49311,38.56844,"N"
"661",2019-11-15,"060670010",21,"California","Sacramento",-121.49311,38.56844,"N"
"662",2019-11-16,"060670010",37,"California","Sacramento",-121.49311,38.56844,"N"
"663",2019-11-17,"060670010",42,"California","Sacramento",-121.49311,38.56844,"N"
"664",2019-11-18,"060670010",47,"California","Sacramento",-121.49311,38.56844,"N"
"665",2019-11-19,"060670010",44,"California","Sacramento",-121.49311,38.56844,"N"
"666",2019-11-20,"060670010",77,"California","Sacramento",-121.49311,38.56844,"N"
"667",2019-11-21,"060670010",48,"California","Sacramento",-121.49311,38.56844,"N"
"668",2019-11-22,"060670010",56,"California","Sacramento",-121.49311,38.56844,"N"
"669",2019-11-23,"060670010",53,"California","Sacramento",-121.49311,38.56844,"N"
"670",2019-11-24,"060670010",40,"California","Sacramento",-121.49311,38.56844,"N"
"671",2019-11-25,"060670010",48,"California","Sacramento",-121.49311,38.56844,"N"
"672",2019-11-26,"060670010",15,"California","Sacramento",-121.49311,38.56844,"N"
"673",2019-11-27,"060670010",10,"California","Sacramento",-121.49311,38.56844,"N"
"674",2019-11-28,"060670010",4,"California","Sacramento",-121.49311,38.56844,"N"
"675",2019-11-29,"060670010",10,"California","Sacramento",-121.49311,38.56844,"N"
"676",2019-11-30,"060670010",6,"California","Sacramento",-121.49311,38.56844,"N"
"677",2019-12-01,"060670010",1,"California","Sacramento",-121.49311,38.56844,"N"
"678",2019-12-02,"060670010",3,"California","Sacramento",-121.49311,38.56844,"N"
"679",2019-12-03,"060670010",11,"California","Sacramento",-121.49311,38.56844,"N"
"680",2019-12-04,"060670010",12,"California","Sacramento",-121.49311,38.56844,"N"
"681",2019-12-05,"060670010",14,"California","Sacramento",-121.49311,38.56844,"N"
"682",2019-12-06,"060670010",12,"California","Sacramento",-121.49311,38.56844,"N"
"683",2019-12-07,"060670010",8,"California","Sacramento",-121.49311,38.56844,"N"
"684",2019-12-08,"060670010",3,"California","Sacramento",-121.49311,38.56844,"N"
"685",2019-12-09,"060670010",11,"California","Sacramento",-121.49311,38.56844,"N"
"686",2019-12-10,"060670010",15,"California","Sacramento",-121.49311,38.56844,"N"
"687",2019-12-11,"060670010",17,"California","Sacramento",-121.49311,38.56844,"N"
"688",2019-12-12,"060670010",15,"California","Sacramento",-121.49311,38.56844,"N"
"689",2019-12-13,"060670010",9,"California","Sacramento",-121.49311,38.56844,"N"
"690",2019-12-14,"060670010",5,"California","Sacramento",-121.49311,38.56844,"N"
"691",2019-12-15,"060670010",6,"California","Sacramento",-121.49311,38.56844,"N"
"692",2019-12-16,"060670010",13,"California","Sacramento",-121.49311,38.56844,"N"
"693",2019-12-17,"060670010",18,"California","Sacramento",-121.49311,38.56844,"N"
"694",2019-12-18,"060670010",13,"California","Sacramento",-121.49311,38.56844,"N"
"695",2019-12-19,"060670010",10,"California","Sacramento",-121.49311,38.56844,"N"
"696",2019-12-20,"060670010",19,"California","Sacramento",-121.49311,38.56844,"N"
"697",2019-12-21,"060670010",34,"California","Sacramento",-121.49311,38.56844,"N"
"698",2019-12-22,"060670010",17,"California","Sacramento",-121.49311,38.56844,"N"
"699",2019-12-23,"060670010",9,"California","Sacramento",-121.49311,38.56844,"N"
"700",2019-12-24,"060670010",13,"California","Sacramento",-121.49311,38.56844,"N"
"701",2019-12-25,"060670010",6,"California","Sacramento",-121.49311,38.56844,"N"
"702",2019-12-26,"060670010",3,"California","Sacramento",-121.49311,38.56844,"N"
"703",2019-12-27,"060670010",8,"California","Sacramento",-121.49311,38.56844,"N"
"704",2019-12-28,"060670010",20,"California","Sacramento",-121.49311,38.56844,"N"
"705",2019-12-29,"060670010",18,"California","Sacramento",-121.49311,38.56844,"N"
"706",2019-12-30,"060670010",16,"California","Sacramento",-121.49311,38.56844,"N"
"707",2019-12-31,"060670010",22,"California","Sacramento",-121.49311,38.56844,"N"
"708",2020-01-01,"410392013",6,"Oregon","Lane",-122.480487,43.744352,"N"
"709",2020-01-02,"410392013",14,"Oregon","Lane",-122.480487,43.744352,"N"
"710",2020-01-03,"410392013",22,"Oregon","Lane",-122.480487,43.744352,"N"
"711",2020-01-04,"410392013",11,"Oregon","Lane",-122.480487,43.744352,"N"
"712",2020-01-05,"410392013",9,"Oregon","Lane",-122.480487,43.744352,"N"
"713",2020-01-06,"410392013",11,"Oregon","Lane",-122.480487,43.744352,"N"
"714",2020-01-07,"410392013",8,"Oregon","Lane",-122.480487,43.744352,"N"
"715",2020-01-08,"410392013",8,"Oregon","Lane",-122.480487,43.744352,"N"
"716",2020-01-09,"410392013",10,"Oregon","Lane",-122.480487,43.744352,"N"
"717",2020-01-10,"410392013",9,"Oregon","Lane",-122.480487,43.744352,"N"
"718",2020-01-11,"410392013",7,"Oregon","Lane",-122.480487,43.744352,"N"
"719",2020-01-12,"410392013",6,"Oregon","Lane",-122.480487,43.744352,"N"
"720",2020-01-13,"410392013",20,"Oregon","Lane",-122.480487,43.744352,"N"
"721",2020-01-14,"410392013",29,"Oregon","Lane",-122.480487,43.744352,"N"
"722",2020-01-15,"410392013",14,"Oregon","Lane",-122.480487,43.744352,"N"
"723",2020-01-16,"410392013",14,"Oregon","Lane",-122.480487,43.744352,"N"
"724",2020-01-17,"410392013",9,"Oregon","Lane",-122.480487,43.744352,"N"
"725",2020-01-18,"410392013",10,"Oregon","Lane",-122.480487,43.744352,"N"
"726",2020-01-19,"410392013",9,"Oregon","Lane",-122.480487,43.744352,"N"
"727",2020-01-20,"410392013",17,"Oregon","Lane",-122.480487,43.744352,"N"
"728",2020-01-21,"410392013",13,"Oregon","Lane",-122.480487,43.744352,"N"
"729",2020-01-22,"410392013",11,"Oregon","Lane",-122.480487,43.744352,"N"
"730",2020-01-23,"410392013",7,"Oregon","Lane",-122.480487,43.744352,"N"
"731",2020-01-24,"410392013",8,"Oregon","Lane",-122.480487,43.744352,"N"
"732",2020-01-25,"410392013",6,"Oregon","Lane",-122.480487,43.744352,"N"
"733",2020-01-26,"410392013",8,"Oregon","Lane",-122.480487,43.744352,"N"
"734",2020-01-27,"410392013",7,"Oregon","Lane",-122.480487,43.744352,"N"
"735",2020-01-28,"410392013",5,"Oregon","Lane",-122.480487,43.744352,"N"
"736",2020-01-29,"410392013",8,"Oregon","Lane",-122.480487,43.744352,"N"
"737",2020-01-31,"410392013",15,"Oregon","Lane",-122.480487,43.744352,"N"
"738",2020-02-01,"410392013",9,"Oregon","Lane",-122.480487,43.744352,"N"
"739",2020-02-02,"410392013",9,"Oregon","Lane",-122.480487,43.744352,"N"
"740",2020-02-03,"410392013",8,"Oregon","Lane",-122.480487,43.744352,"N"
"741",2020-02-04,"410392013",6,"Oregon","Lane",-122.480487,43.744352,"N"
"742",2020-02-05,"410392013",12,"Oregon","Lane",-122.480487,43.744352,"N"
"743",2020-02-06,"410392013",8,"Oregon","Lane",-122.480487,43.744352,"N"
"744",2020-02-07,"410392013",7,"Oregon","Lane",-122.480487,43.744352,"N"
"745",2020-02-08,"410392013",7,"Oregon","Lane",-122.480487,43.744352,"N"
"746",2020-02-09,"410392013",7,"Oregon","Lane",-122.480487,43.744352,"N"
"747",2020-02-10,"410392013",11,"Oregon","Lane",-122.480487,43.744352,"N"
"748",2020-02-11,"410392013",7,"Oregon","Lane",-122.480487,43.744352,"N"
"749",2020-02-12,"410392013",13,"Oregon","Lane",-122.480487,43.744352,"N"
"750",2020-02-13,"410392013",7,"Oregon","Lane",-122.480487,43.744352,"N"
"751",2020-02-14,"410392013",7,"Oregon","Lane",-122.480487,43.744352,"N"
"752",2020-02-15,"410392013",7,"Oregon","Lane",-122.480487,43.744352,"N"
"753",2020-02-16,"410392013",4,"Oregon","Lane",-122.480487,43.744352,"N"
"754",2020-02-17,"410392013",12,"Oregon","Lane",-122.480487,43.744352,"N"
"755",2020-02-18,"410392013",14,"Oregon","Lane",-122.480487,43.744352,"N"
"756",2020-02-19,"410392013",34,"Oregon","Lane",-122.480487,43.744352,"N"
"757",2020-02-20,"410392013",38,"Oregon","Lane",-122.480487,43.744352,"N"
"758",2020-02-21,"410392013",29,"Oregon","Lane",-122.480487,43.744352,"N"
"759",2020-02-22,"410392013",31,"Oregon","Lane",-122.480487,43.744352,"N"
"760",2020-02-23,"410392013",15,"Oregon","Lane",-122.480487,43.744352,"N"
"761",2020-02-24,"410392013",15,"Oregon","Lane",-122.480487,43.744352,"N"
"762",2020-02-25,"410392013",19,"Oregon","Lane",-122.480487,43.744352,"N"
"763",2020-02-26,"410392013",20,"Oregon","Lane",-122.480487,43.744352,"N"
"764",2020-02-27,"410392013",18,"Oregon","Lane",-122.480487,43.744352,"N"
"765",2020-02-28,"410392013",22,"Oregon","Lane",-122.480487,43.744352,"N"
"766",2020-02-29,"410392013",6,"Oregon","Lane",-122.480487,43.744352,"N"
"767",2020-03-01,"410392013",6,"Oregon","Lane",-122.480487,43.744352,"N"
"768",2020-03-02,"410392013",7,"Oregon","Lane",-122.480487,43.744352,"N"
"769",2020-03-03,"410392013",10,"Oregon","Lane",-122.480487,43.744352,"N"
"770",2020-03-04,"410392013",12,"Oregon","Lane",-122.480487,43.744352,"N"
"771",2020-03-05,"410392013",18,"Oregon","Lane",-122.480487,43.744352,"N"
"772",2020-03-06,"410392013",11,"Oregon","Lane",-122.480487,43.744352,"N"
"773",2020-03-07,"410392013",4,"Oregon","Lane",-122.480487,43.744352,"N"
"774",2020-03-08,"410392013",6,"Oregon","Lane",-122.480487,43.744352,"N"
"775",2020-03-09,"410392013",13,"Oregon","Lane",-122.480487,43.744352,"N"
"776",2020-03-10,"410392013",10,"Oregon","Lane",-122.480487,43.744352,"N"
"777",2020-03-11,"410392013",19,"Oregon","Lane",-122.480487,43.744352,"N"
"778",2020-03-12,"410392013",20,"Oregon","Lane",-122.480487,43.744352,"N"
"779",2020-03-13,"410392013",14,"Oregon","Lane",-122.480487,43.744352,"N"
"780",2020-03-14,"410392013",5,"Oregon","Lane",-122.480487,43.744352,"N"
"781",2020-03-15,"410392013",11,"Oregon","Lane",-122.480487,43.744352,"N"
"782",2020-03-16,"410392013",14,"Oregon","Lane",-122.480487,43.744352,"N"
"783",2020-03-17,"410392013",13,"Oregon","Lane",-122.480487,43.744352,"N"
"784",2020-03-18,"410392013",14,"Oregon","Lane",-122.480487,43.744352,"N"
"785",2020-03-19,"410392013",18,"Oregon","Lane",-122.480487,43.744352,"N"
"786",2020-03-20,"410392013",12,"Oregon","Lane",-122.480487,43.744352,"N"
"787",2020-03-21,"410392013",12,"Oregon","Lane",-122.480487,43.744352,"N"
"788",2020-03-22,"410392013",18,"Oregon","Lane",-122.480487,43.744352,"N"
"789",2020-03-23,"410392013",6,"Oregon","Lane",-122.480487,43.744352,"N"
"790",2020-03-24,"410392013",4,"Oregon","Lane",-122.480487,43.744352,"N"
"791",2020-03-25,"410392013",7,"Oregon","Lane",-122.480487,43.744352,"N"
"792",2020-03-26,"410392013",7,"Oregon","Lane",-122.480487,43.744352,"N"
"793",2020-03-27,"410392013",11,"Oregon","Lane",-122.480487,43.744352,"N"
"794",2020-03-28,"410392013",8,"Oregon","Lane",-122.480487,43.744352,"N"
"795",2020-03-29,"410392013",7,"Oregon","Lane",-122.480487,43.744352,"N"
"796",2020-03-30,"410392013",4,"Oregon","Lane",-122.480487,43.744352,"N"
"797",2020-03-31,"410392013",4,"Oregon","Lane",-122.480487,43.744352,"N"
"798",2020-04-01,"410392013",6,"Oregon","Lane",-122.480487,43.744352,"N"
"799",2020-04-02,"410392013",4,"Oregon","Lane",-122.480487,43.744352,"N"
"800",2020-04-03,"410392013",5,"Oregon","Lane",-122.480487,43.744352,"N"
"801",2020-04-04,"410392013",6,"Oregon","Lane",-122.480487,43.744352,"N"
"802",2020-04-05,"410392013",5,"Oregon","Lane",-122.480487,43.744352,"N"
"803",2020-04-06,"410392013",6,"Oregon","Lane",-122.480487,43.744352,"N"
"804",2020-04-07,"410392013",11,"Oregon","Lane",-122.480487,43.744352,"N"
"805",2020-04-16,"410392013",25,"Oregon","Lane",-122.480487,43.744352,"N"
"806",2020-04-17,"410392013",20,"Oregon","Lane",-122.480487,43.744352,"N"
"807",2020-04-18,"410392013",13,"Oregon","Lane",-122.480487,43.744352,"N"
"808",2020-04-19,"410392013",9,"Oregon","Lane",-122.480487,43.744352,"N"
"809",2020-04-20,"410392013",11,"Oregon","Lane",-122.480487,43.744352,"N"
"810",2020-04-21,"410392013",6,"Oregon","Lane",-122.480487,43.744352,"N"
"811",2020-04-22,"410392013",6,"Oregon","Lane",-122.480487,43.744352,"N"
"812",2020-04-23,"410392013",4,"Oregon","Lane",-122.480487,43.744352,"N"
"813",2020-04-24,"410392013",7,"Oregon","Lane",-122.480487,43.744352,"N"
"814",2020-04-25,"410392013",4,"Oregon","Lane",-122.480487,43.744352,"N"
"815",2020-04-26,"410392013",5,"Oregon","Lane",-122.480487,43.744352,"N"
"816",2020-04-27,"410392013",4,"Oregon","Lane",-122.480487,43.744352,"N"
"817",2020-04-28,"410392013",3,"Oregon","Lane",-122.480487,43.744352,"N"
"818",2020-04-29,"410392013",8,"Oregon","Lane",-122.480487,43.744352,"N"
"819",2020-04-30,"410392013",6,"Oregon","Lane",-122.480487,43.744352,"N"
"820",2020-05-01,"410392013",10,"Oregon","Lane",-122.480487,43.744352,"N"
"821",2020-05-02,"410392013",8,"Oregon","Lane",-122.480487,43.744352,"N"
"822",2020-05-03,"410392013",7,"Oregon","Lane",-122.480487,43.744352,"N"
"823",2020-05-04,"410392013",7,"Oregon","Lane",-122.480487,43.744352,"N"
"824",2020-05-05,"410392013",7,"Oregon","Lane",-122.480487,43.744352,"N"
"825",2020-05-06,"410392013",5,"Oregon","Lane",-122.480487,43.744352,"N"
"826",2020-05-07,"410392013",8,"Oregon","Lane",-122.480487,43.744352,"N"
"827",2020-05-08,"410392013",13,"Oregon","Lane",-122.480487,43.744352,"N"
"828",2020-05-09,"410392013",11,"Oregon","Lane",-122.480487,43.744352,"N"
"829",2020-05-10,"410392013",11,"Oregon","Lane",-122.480487,43.744352,"N"
"830",2020-05-11,"410392013",11,"Oregon","Lane",-122.480487,43.744352,"N"
"831",2020-05-12,"410392013",5,"Oregon","Lane",-122.480487,43.744352,"N"
"832",2020-05-13,"410392013",4,"Oregon","Lane",-122.480487,43.744352,"N"
"833",2020-05-14,"410392013",6,"Oregon","Lane",-122.480487,43.744352,"N"
"834",2020-05-15,"410392013",6,"Oregon","Lane",-122.480487,43.744352,"N"
"835",2020-05-16,"410392013",6,"Oregon","Lane",-122.480487,43.744352,"N"
"836",2020-05-17,"410392013",4,"Oregon","Lane",-122.480487,43.744352,"N"
"837",2020-05-18,"410392013",5,"Oregon","Lane",-122.480487,43.744352,"N"
"838",2020-05-19,"410392013",3,"Oregon","Lane",-122.480487,43.744352,"N"
"839",2020-05-20,"410392013",4,"Oregon","Lane",-122.480487,43.744352,"N"
"840",2020-05-21,"410392013",4,"Oregon","Lane",-122.480487,43.744352,"N"
"841",2020-05-22,"410392013",4,"Oregon","Lane",-122.480487,43.744352,"N"
"842",2020-05-23,"410392013",6,"Oregon","Lane",-122.480487,43.744352,"N"
"843",2020-05-24,"410392013",8,"Oregon","Lane",-122.480487,43.744352,"N"
"844",2020-05-25,"410392013",6,"Oregon","Lane",-122.480487,43.744352,"N"
"845",2020-05-26,"410392013",6,"Oregon","Lane",-122.480487,43.744352,"N"
"846",2020-05-27,"410392013",9,"Oregon","Lane",-122.480487,43.744352,"N"
"847",2020-05-28,"410392013",11,"Oregon","Lane",-122.480487,43.744352,"N"
"848",2020-05-29,"410392013",14,"Oregon","Lane",-122.480487,43.744352,"N"
"849",2020-05-30,"410392013",9,"Oregon","Lane",-122.480487,43.744352,"N"
"850",2020-05-31,"410392013",5,"Oregon","Lane",-122.480487,43.744352,"N"
"851",2020-06-01,"410392013",7,"Oregon","Lane",-122.480487,43.744352,"N"
"852",2020-06-02,"410392013",8,"Oregon","Lane",-122.480487,43.744352,"N"
"853",2020-06-03,"410392013",8,"Oregon","Lane",-122.480487,43.744352,"N"
"854",2020-06-04,"410392013",10,"Oregon","Lane",-122.480487,43.744352,"N"
"855",2020-06-05,"410392013",9,"Oregon","Lane",-122.480487,43.744352,"N"
"856",2020-06-06,"410392013",5,"Oregon","Lane",-122.480487,43.744352,"N"
"857",2020-06-07,"410392013",3,"Oregon","Lane",-122.480487,43.744352,"N"
"858",2020-06-08,"410392013",3,"Oregon","Lane",-122.480487,43.744352,"N"
"859",2020-06-09,"410392013",4,"Oregon","Lane",-122.480487,43.744352,"N"
"860",2020-06-10,"410392013",3,"Oregon","Lane",-122.480487,43.744352,"N"
"861",2020-06-11,"410392013",4,"Oregon","Lane",-122.480487,43.744352,"N"
"862",2020-06-12,"410392013",4,"Oregon","Lane",-122.480487,43.744352,"N"
"863",2020-06-13,"410392013",4,"Oregon","Lane",-122.480487,43.744352,"N"
"864",2020-06-14,"410392013",3,"Oregon","Lane",-122.480487,43.744352,"N"
"865",2020-06-15,"410392013",5,"Oregon","Lane",-122.480487,43.744352,"N"
"866",2020-06-16,"410392013",4,"Oregon","Lane",-122.480487,43.744352,"N"
"867",2020-06-17,"410392013",3,"Oregon","Lane",-122.480487,43.744352,"N"
"868",2020-06-18,"410392013",7,"Oregon","Lane",-122.480487,43.744352,"N"
"869",2020-06-19,"410392013",7,"Oregon","Lane",-122.480487,43.744352,"N"
"870",2020-06-20,"410392013",6,"Oregon","Lane",-122.480487,43.744352,"N"
"871",2020-06-21,"410392013",1,"Oregon","Lane",-122.480487,43.744352,"N"
"872",2020-06-22,"410392013",7,"Oregon","Lane",-122.480487,43.744352,"N"
"873",2020-06-23,"410392013",9,"Oregon","Lane",-122.480487,43.744352,"N"
"874",2020-06-24,"410392013",6,"Oregon","Lane",-122.480487,43.744352,"N"
"875",2020-06-25,"410392013",7,"Oregon","Lane",-122.480487,43.744352,"N"
"876",2020-06-26,"410392013",11,"Oregon","Lane",-122.480487,43.744352,"N"
"877",2020-06-27,"410392013",5,"Oregon","Lane",-122.480487,43.744352,"N"
"878",2020-06-28,"410392013",5,"Oregon","Lane",-122.480487,43.744352,"N"
"879",2020-06-29,"410392013",7,"Oregon","Lane",-122.480487,43.744352,"N"
"880",2020-06-30,"410392013",4,"Oregon","Lane",-122.480487,43.744352,"N"
"881",2020-07-01,"410392013",4,"Oregon","Lane",-122.480487,43.744352,"N"
"882",2020-07-02,"410392013",8,"Oregon","Lane",-122.480487,43.744352,"N"
"883",2020-07-03,"410392013",14,"Oregon","Lane",-122.480487,43.744352,"N"
"884",2020-07-04,"410392013",30,"Oregon","Lane",-122.480487,43.744352,"N"
"885",2020-07-05,"410392013",14,"Oregon","Lane",-122.480487,43.744352,"N"
"886",2020-07-06,"410392013",6,"Oregon","Lane",-122.480487,43.744352,"N"
"887",2020-07-07,"410392013",3,"Oregon","Lane",-122.480487,43.744352,"N"
"888",2020-07-08,"410392013",6,"Oregon","Lane",-122.480487,43.744352,"N"
"889",2020-07-09,"410392013",10,"Oregon","Lane",-122.480487,43.744352,"N"
"890",2020-07-10,"410392013",9,"Oregon","Lane",-122.480487,43.744352,"N"
"891",2020-07-11,"410392013",9,"Oregon","Lane",-122.480487,43.744352,"N"
"892",2020-07-12,"410392013",6,"Oregon","Lane",-122.480487,43.744352,"N"
"893",2020-07-13,"410392013",9,"Oregon","Lane",-122.480487,43.744352,"N"
"894",2020-07-14,"410392013",13,"Oregon","Lane",-122.480487,43.744352,"N"
"895",2020-07-15,"410392013",13,"Oregon","Lane",-122.480487,43.744352,"N"
"896",2020-07-16,"410392013",13,"Oregon","Lane",-122.480487,43.744352,"N"
"897",2020-07-17,"410392013",9,"Oregon","Lane",-122.480487,43.744352,"N"
"898",2020-07-18,"410392013",10,"Oregon","Lane",-122.480487,43.744352,"N"
"899",2020-07-19,"410392013",11,"Oregon","Lane",-122.480487,43.744352,"N"
"900",2020-07-20,"410392013",14,"Oregon","Lane",-122.480487,43.744352,"N"
"901",2020-07-21,"410392013",16,"Oregon","Lane",-122.480487,43.744352,"N"
"902",2020-07-22,"410392013",15,"Oregon","Lane",-122.480487,43.744352,"N"
"903",2020-07-23,"410392013",12,"Oregon","Lane",-122.480487,43.744352,"N"
"904",2020-07-24,"410392013",11,"Oregon","Lane",-122.480487,43.744352,"N"
"905",2020-07-25,"410392013",11,"Oregon","Lane",-122.480487,43.744352,"N"
"906",2020-07-26,"410392013",12,"Oregon","Lane",-122.480487,43.744352,"N"
"907",2020-07-27,"410392013",16,"Oregon","Lane",-122.480487,43.744352,"N"
"908",2020-07-28,"410392013",20,"Oregon","Lane",-122.480487,43.744352,"N"
"909",2020-07-29,"410392013",19,"Oregon","Lane",-122.480487,43.744352,"N"
"910",2020-07-30,"410392013",31,"Oregon","Lane",-122.480487,43.744352,"N"
"911",2020-07-31,"410392013",16,"Oregon","Lane",-122.480487,43.744352,"N"
"912",2020-08-01,"410392013",11,"Oregon","Lane",-122.480487,43.744352,"N"
"913",2020-08-02,"410392013",10,"Oregon","Lane",-122.480487,43.744352,"N"
"914",2020-08-03,"410392013",9,"Oregon","Lane",-122.480487,43.744352,"N"
"915",2020-08-04,"410392013",14,"Oregon","Lane",-122.480487,43.744352,"N"
"916",2020-08-05,"410392013",12,"Oregon","Lane",-122.480487,43.744352,"N"
"917",2020-08-06,"410392013",6,"Oregon","Lane",-122.480487,43.744352,"N"
"918",2020-08-07,"410392013",8,"Oregon","Lane",-122.480487,43.744352,"N"
"919",2020-08-08,"410392013",9,"Oregon","Lane",-122.480487,43.744352,"N"
"920",2020-08-09,"410392013",8,"Oregon","Lane",-122.480487,43.744352,"N"
"921",2020-08-10,"410392013",10,"Oregon","Lane",-122.480487,43.744352,"N"
"922",2020-08-11,"410392013",15,"Oregon","Lane",-122.480487,43.744352,"N"
"923",2020-08-12,"410392013",16,"Oregon","Lane",-122.480487,43.744352,"N"
"924",2020-08-13,"410392013",16,"Oregon","Lane",-122.480487,43.744352,"N"
"925",2020-08-14,"410392013",18,"Oregon","Lane",-122.480487,43.744352,"N"
"926",2020-08-15,"410392013",17,"Oregon","Lane",-122.480487,43.744352,"N"
"927",2020-08-16,"410392013",15,"Oregon","Lane",-122.480487,43.744352,"N"
"928",2020-08-17,"410392013",18,"Oregon","Lane",-122.480487,43.744352,"N"
"929",2020-08-18,"410392013",14,"Oregon","Lane",-122.480487,43.744352,"N"
"930",2020-08-19,"410392013",14,"Oregon","Lane",-122.480487,43.744352,"N"
"931",2020-08-20,"410392013",7,"Oregon","Lane",-122.480487,43.744352,"N"
"932",2020-08-21,"410392013",6,"Oregon","Lane",-122.480487,43.744352,"N"
"933",2020-08-22,"410392013",5,"Oregon","Lane",-122.480487,43.744352,"N"
"934",2020-08-23,"410392013",10,"Oregon","Lane",-122.480487,43.744352,"N"
"935",2020-08-24,"410392013",15,"Oregon","Lane",-122.480487,43.744352,"N"
"936",2020-08-25,"410392013",19,"Oregon","Lane",-122.480487,43.744352,"N"
"937",2020-08-26,"410392013",19,"Oregon","Lane",-122.480487,43.744352,"N"
"938",2020-08-27,"410392013",15,"Oregon","Lane",-122.480487,43.744352,"N"
"939",2020-08-28,"410392013",17,"Oregon","Lane",-122.480487,43.744352,"N"
"940",2020-08-29,"410392013",14,"Oregon","Lane",-122.480487,43.744352,"N"
"941",2020-08-30,"410392013",14,"Oregon","Lane",-122.480487,43.744352,"N"
"942",2020-08-31,"410392013",11,"Oregon","Lane",-122.480487,43.744352,"N"
"943",2020-09-01,"410392013",15,"Oregon","Lane",-122.480487,43.744352,"N"
"944",2020-09-02,"410392013",19,"Oregon","Lane",-122.480487,43.744352,"N"
"945",2020-09-03,"410392013",19,"Oregon","Lane",-122.480487,43.744352,"N"
"946",2020-09-04,"410392013",24,"Oregon","Lane",-122.480487,43.744352,"N"
"947",2020-09-05,"410392013",35,"Oregon","Lane",-122.480487,43.744352,"N"
"948",2020-09-06,"410392013",27,"Oregon","Lane",-122.480487,43.744352,"N"
"949",2020-09-07,"410392013",98,"Oregon","Lane",-122.480487,43.744352,"N"
"950",2020-09-10,"410392013",200,"Oregon","Lane",-122.480487,43.744352,"N"
"951",2020-09-11,"410392013",274,"Oregon","Lane",-122.480487,43.744352,"Y"
"952",2020-09-12,"410392013",591,"Oregon","Lane",-122.480487,43.744352,"Y"
"953",2020-09-13,"410392013",423,"Oregon","Lane",-122.480487,43.744352,"Y"
"954",2020-09-14,"410392013",305,"Oregon","Lane",-122.480487,43.744352,"Y"
"955",2020-09-15,"410392013",314,"Oregon","Lane",-122.480487,43.744352,"Y"
"956",2020-09-16,"410392013",237,"Oregon","Lane",-122.480487,43.744352,"Y"
"957",2020-09-17,"410392013",172,"Oregon","Lane",-122.480487,43.744352,"N"
"958",2020-09-18,"410392013",48,"Oregon","Lane",-122.480487,43.744352,"N"
"959",2020-09-19,"410392013",5,"Oregon","Lane",-122.480487,43.744352,"N"
"960",2020-09-20,"410392013",13,"Oregon","Lane",-122.480487,43.744352,"N"
"961",2020-09-21,"410392013",19,"Oregon","Lane",-122.480487,43.744352,"N"
"962",2020-09-22,"410392013",10,"Oregon","Lane",-122.480487,43.744352,"N"
"963",2020-09-23,"410392013",19,"Oregon","Lane",-122.480487,43.744352,"N"
"964",2020-09-24,"410392013",6,"Oregon","Lane",-122.480487,43.744352,"N"
"965",2020-09-25,"410392013",7,"Oregon","Lane",-122.480487,43.744352,"N"
"966",2020-09-26,"410392013",5,"Oregon","Lane",-122.480487,43.744352,"N"
"967",2020-09-27,"410392013",9,"Oregon","Lane",-122.480487,43.744352,"N"
"968",2020-09-28,"410392013",8,"Oregon","Lane",-122.480487,43.744352,"N"
"969",2020-09-29,"410392013",8,"Oregon","Lane",-122.480487,43.744352,"N"
"970",2020-09-30,"410392013",13,"Oregon","Lane",-122.480487,43.744352,"N"
"971",2020-10-01,"410392013",19,"Oregon","Lane",-122.480487,43.744352,"N"
"972",2020-10-02,"410392013",12,"Oregon","Lane",-122.480487,43.744352,"N"
"973",2020-10-03,"410392013",10,"Oregon","Lane",-122.480487,43.744352,"N"
"974",2020-10-04,"410392013",13,"Oregon","Lane",-122.480487,43.744352,"N"
"975",2020-10-05,"410392013",16,"Oregon","Lane",-122.480487,43.744352,"N"
"976",2020-10-06,"410392013",16,"Oregon","Lane",-122.480487,43.744352,"N"
"977",2020-10-07,"410392013",26,"Oregon","Lane",-122.480487,43.744352,"N"
"978",2020-10-08,"410392013",35,"Oregon","Lane",-122.480487,43.744352,"N"
"979",2020-10-09,"410392013",26,"Oregon","Lane",-122.480487,43.744352,"N"
"980",2020-10-10,"410392013",8,"Oregon","Lane",-122.480487,43.744352,"N"
"981",2020-10-11,"410392013",6,"Oregon","Lane",-122.480487,43.744352,"N"
"982",2020-10-12,"410392013",7,"Oregon","Lane",-122.480487,43.744352,"N"
"983",2020-10-13,"410392013",8,"Oregon","Lane",-122.480487,43.744352,"N"
"984",2020-10-14,"410392013",8,"Oregon","Lane",-122.480487,43.744352,"N"
"985",2020-10-15,"410392013",13,"Oregon","Lane",-122.480487,43.744352,"N"
"986",2020-10-16,"410392013",11,"Oregon","Lane",-122.480487,43.744352,"N"
"987",2020-10-17,"410392013",13,"Oregon","Lane",-122.480487,43.744352,"N"
"988",2020-10-18,"410392013",10,"Oregon","Lane",-122.480487,43.744352,"N"
"989",2020-10-19,"410392013",15,"Oregon","Lane",-122.480487,43.744352,"N"
"990",2020-10-20,"410392013",9,"Oregon","Lane",-122.480487,43.744352,"N"
"991",2020-10-21,"410392013",10,"Oregon","Lane",-122.480487,43.744352,"N"
"992",2020-10-22,"410392013",15,"Oregon","Lane",-122.480487,43.744352,"N"
"993",2020-10-23,"410392013",10,"Oregon","Lane",-122.480487,43.744352,"N"
"994",2020-10-24,"410392013",8,"Oregon","Lane",-122.480487,43.744352,"N"
"995",2020-10-25,"410392013",18,"Oregon","Lane",-122.480487,43.744352,"N"
"996",2020-10-26,"410392013",29,"Oregon","Lane",-122.480487,43.744352,"N"
"997",2020-10-27,"410392013",36,"Oregon","Lane",-122.480487,43.744352,"N"
"998",2020-10-28,"410392013",23,"Oregon","Lane",-122.480487,43.744352,"N"
"999",2020-10-29,"410392013",17,"Oregon","Lane",-122.480487,43.744352,"N"
"1000",2020-10-30,"410392013",15,"Oregon","Lane",-122.480487,43.744352,"N"
"1001",2020-10-31,"410392013",12,"Oregon","Lane",-122.480487,43.744352,"N"
"1002",2020-11-01,"410392013",19,"Oregon","Lane",-122.480487,43.744352,"N"
"1003",2020-11-02,"410392013",23,"Oregon","Lane",-122.480487,43.744352,"N"
"1004",2020-11-07,"410392013",7,"Oregon","Lane",-122.480487,43.744352,"N"
"1005",2020-11-08,"410392013",13,"Oregon","Lane",-122.480487,43.744352,"N"
"1006",2020-11-09,"410392013",10,"Oregon","Lane",-122.480487,43.744352,"N"
"1007",2020-11-10,"410392013",9,"Oregon","Lane",-122.480487,43.744352,"N"
"1008",2020-11-11,"410392013",7,"Oregon","Lane",-122.480487,43.744352,"N"
"1009",2020-11-12,"410392013",12,"Oregon","Lane",-122.480487,43.744352,"N"
"1010",2020-11-13,"410392013",8,"Oregon","Lane",-122.480487,43.744352,"N"
"1011",2020-11-14,"410392013",6,"Oregon","Lane",-122.480487,43.744352,"N"
"1012",2020-11-15,"410392013",12,"Oregon","Lane",-122.480487,43.744352,"N"
"1013",2020-11-16,"410392013",11,"Oregon","Lane",-122.480487,43.744352,"N"
"1014",2020-11-17,"410392013",8,"Oregon","Lane",-122.480487,43.744352,"N"
"1015",2020-11-18,"410392013",5,"Oregon","Lane",-122.480487,43.744352,"N"
"1016",2020-11-19,"410392013",8,"Oregon","Lane",-122.480487,43.744352,"N"
"1017",2020-11-20,"410392013",9,"Oregon","Lane",-122.480487,43.744352,"N"
"1018",2020-11-21,"410392013",15,"Oregon","Lane",-122.480487,43.744352,"N"
"1019",2020-11-22,"410392013",12,"Oregon","Lane",-122.480487,43.744352,"N"
"1020",2020-11-23,"410392013",12,"Oregon","Lane",-122.480487,43.744352,"N"
"1021",2020-11-24,"410392013",8,"Oregon","Lane",-122.480487,43.744352,"N"
"1022",2020-11-25,"410392013",8,"Oregon","Lane",-122.480487,43.744352,"N"
"1023",2020-11-26,"410392013",10,"Oregon","Lane",-122.480487,43.744352,"N"
"1024",2020-11-27,"410392013",12,"Oregon","Lane",-122.480487,43.744352,"N"
"1025",2020-11-28,"410392013",14,"Oregon","Lane",-122.480487,43.744352,"N"
"1026",2020-11-29,"410392013",16,"Oregon","Lane",-122.480487,43.744352,"N"
"1027",2020-11-30,"410392013",12,"Oregon","Lane",-122.480487,43.744352,"N"
"1028",2020-12-01,"410392013",17,"Oregon","Lane",-122.480487,43.744352,"N"
"1029",2020-12-02,"410392013",30,"Oregon","Lane",-122.480487,43.744352,"N"
"1030",2020-12-03,"410392013",40,"Oregon","Lane",-122.480487,43.744352,"N"
"1031",2020-12-04,"410392013",23,"Oregon","Lane",-122.480487,43.744352,"N"
"1032",2020-12-05,"410392013",22,"Oregon","Lane",-122.480487,43.744352,"N"
"1033",2020-12-06,"410392013",15,"Oregon","Lane",-122.480487,43.744352,"N"
"1034",2020-12-07,"410392013",13,"Oregon","Lane",-122.480487,43.744352,"N"
"1035",2020-12-08,"410392013",27,"Oregon","Lane",-122.480487,43.744352,"N"
"1036",2020-12-09,"410392013",17,"Oregon","Lane",-122.480487,43.744352,"N"
"1037",2020-12-10,"410392013",9,"Oregon","Lane",-122.480487,43.744352,"N"
"1038",2020-12-11,"410392013",9,"Oregon","Lane",-122.480487,43.744352,"N"
"1039",2020-12-12,"410392013",12,"Oregon","Lane",-122.480487,43.744352,"N"
"1040",2020-12-13,"410392013",9,"Oregon","Lane",-122.480487,43.744352,"N"
"1041",2020-12-14,"410392013",8,"Oregon","Lane",-122.480487,43.744352,"N"
"1042",2020-12-15,"410392013",9,"Oregon","Lane",-122.480487,43.744352,"N"
"1043",2020-12-16,"410392013",8,"Oregon","Lane",-122.480487,43.744352,"N"
"1044",2020-12-17,"410392013",8,"Oregon","Lane",-122.480487,43.744352,"N"
"1045",2020-12-18,"410392013",10,"Oregon","Lane",-122.480487,43.744352,"N"
"1046",2020-12-19,"410392013",16,"Oregon","Lane",-122.480487,43.744352,"N"
"1047",2020-12-20,"410392013",19,"Oregon","Lane",-122.480487,43.744352,"N"
"1048",2020-12-21,"410392013",11,"Oregon","Lane",-122.480487,43.744352,"N"
"1049",2020-12-22,"410392013",10,"Oregon","Lane",-122.480487,43.744352,"N"
"1050",2020-12-23,"410392013",15,"Oregon","Lane",-122.480487,43.744352,"N"
"1051",2020-12-24,"410392013",14,"Oregon","Lane",-122.480487,43.744352,"N"
"1052",2020-12-25,"410392013",15,"Oregon","Lane",-122.480487,43.744352,"N"
"1053",2020-12-26,"410392013",15,"Oregon","Lane",-122.480487,43.744352,"N"
"1054",2020-12-27,"410392013",10,"Oregon","Lane",-122.480487,43.744352,"N"
"1055",2020-12-28,"410392013",20,"Oregon","Lane",-122.480487,43.744352,"N"
"1056",2020-12-29,"410392013",22,"Oregon","Lane",-122.480487,43.744352,"N"
"1057",2020-12-30,"410392013",13,"Oregon","Lane",-122.480487,43.744352,"N"
"1058",2020-12-31,"410392013",12,"Oregon","Lane",-122.480487,43.744352,"N"
